River,Reach,River_Sta,Profile,Q_Total,Min_Ch_El,WS_Elev,Crit_WS,EG_Elev,EG_Slope,Vel_Chnl,Flow_Area,Top_Width,Froude_Chl,Freq
Mississippi,LD10ToSylvanUS,615.1,Max WS,333409.3,577.41,624.05,,624.15,0.000043,3.42,160121.5,8241.51,0.09,500 Year
Mississippi,LD10ToSylvanUS,614.92,Max WS,333430.7,576.86,624.06,,624.16,0.000041,3.19,166247.3,8302.27,0.09,500 Year
Mississippi,LD10ToSylvanUS,614.71,Max WS,333388,576.03,624.02,,624.11,0.00004,3.11,173446.5,8439.24,0.09,500 Year
Mississippi,LD10ToSylvanUS,614.23,Max WS,333363.6,555.94,623.93,,624.03,0.000039,3.18,190460.5,9576.61,0.09,500 Year
Mississippi,LD10ToSylvanUS,613.67,Max WS,333375.4,574.71,623.76,,623.89,0.000068,3.87,181948.1,10004.93,0.11,500 Year
Mississippi,LD10ToSylvanUS,613.09,Max WS,333300.7,585.67,623.63,,623.7,0.000053,3.05,196224.1,10291.57,0.1,500 Year
Mississippi,LD10ToSylvanUS,612.56,Max WS,333333.5,579.93,623.51,,623.57,0.00004,2.82,207358.6,10417.22,0.09,500 Year
Mississippi,LD10ToSylvanUS,612,Max WS,333292.1,578.39,623.36,,623.46,0.000065,3.62,178039.7,9424.13,0.11,500 Year
Mississippi,LD10ToSylvanUS,611.22,Max WS,333282.6,582.59,623.17,,623.25,0.000054,3.21,177693.5,9562.56,0.1,500 Year
Mississippi,LD10ToSylvanUS,610.6,Max WS,333260.8,589.02,622.98,,623.06,0.000057,3.15,178908.8,9111.02,0.1,500 Year
Mississippi,LD10ToSylvanUS,610.09,Max WS,333259.9,583.1,622.86,,622.94,0.000046,2.85,174323.4,8443.54,0.09,500 Year
Mississippi,LD10ToSylvanUS,609.49,Max WS,333219.6,584.92,622.71,,622.78,0.000052,3.01,169469.9,8434.74,0.1,500 Year
Mississippi,LD10ToSylvanUS,609.06,Max WS,333224.8,587.74,622.57,,622.66,0.000054,2.95,174262.3,8491.58,0.1,500 Year
Mississippi,LD10ToSylvanUS,608.66,Max WS,333188.9,582.04,622.44,,622.55,0.000068,3.38,154258.8,8589,0.11,500 Year
Mississippi,LD10ToSylvanUS,608.05,Max WS,333166.8,578.53,622.23,,622.36,0.000068,3.45,146448.6,8122.73,0.11,500 Year
Mississippi,LD10ToSylvanUS,607.52,Max WS,333089.8,569.37,621.86,,622.18,0.000113,5.08,128744.2,8272.51,0.15,500 Year
Mississippi,LD10ToSylvanUS,606.96,Max WS,333079.6,571.83,621.6,,621.87,0.000092,4.81,132489.4,7653.36,0.14,500 Year
Mississippi,LD10ToSylvanUS,606.16,Max WS,333041.3,574.79,621.3,,621.52,0.000074,4.43,126669.8,7037.17,0.12,500 Year
Mississippi,LD10ToSylvanUS,605.57,Max WS,333015.4,576.89,621.15,,621.29,0.000071,3.82,136947.3,7204.49,0.12,500 Year
Mississippi,LD10ToSylvanUS,604.99,Max WS,332985,573.72,620.91,,621.04,0.000086,3.79,125389.4,6468.56,0.12,500 Year
Mississippi,LD10ToSylvanUS,604.45,Max WS,332932.8,572.98,620.68,,620.81,0.00008,3.86,130613.7,6496.8,0.12,500 Year
Mississippi,LD10ToSylvanUS,604,Max WS,332921.3,580.47,620.5,,620.63,0.000066,3.46,130894.3,6392.06,0.11,500 Year
Mississippi,LD10ToSylvanUS,603.54,Max WS,332892.7,577.24,620.31,,620.47,0.000084,3.94,128829,6861.75,0.12,500 Year
Mississippi,LD10ToSylvanUS,603.14,Max WS,332856.5,577.04,620.2,,620.34,0.000061,3.51,138047.3,6761.27,0.11,500 Year
Mississippi,LD10ToSylvanUS,602.78,Max WS,332854.8,582.8,620.07,,620.2,0.000072,3.52,152214.4,8092.09,0.12,500 Year
Mississippi,LD10ToSylvanUS,602.39,Max WS,332817.1,585.54,619.97,,620.06,0.000059,3,158032.2,9773.38,0.1,500 Year
Mississippi,LD10ToSylvanUS,601.99,Max WS,332795.8,579.27,619.8,,619.93,0.000078,3.49,140899,7341.38,0.12,500 Year
Mississippi,LD10ToSylvanUS,601.54,Max WS,332778.9,572.77,619.63,,619.75,0.000067,3.52,140193.9,7195.68,0.11,500 Year
Mississippi,LD10ToSylvanUS,600.89,Max WS,332708.3,582.19,619.39,,619.52,0.000067,3.5,137825.8,7278.62,0.11,500 Year
Mississippi,LD10ToSylvanUS,599.96,Max WS,332670.5,571.07,619.11,,619.24,0.000061,3.66,139992.7,7262.73,0.11,500 Year
Mississippi,LD10ToSylvanUS,599.4,Max WS,332617.9,580.12,618.91,,619.03,0.000066,3.36,132782.8,6801.15,0.11,500 Year
Mississippi,LD10ToSylvanUS,599.07,Max WS,332616.8,586.53,618.83,,618.92,0.00005,2.73,145272.6,6869.15,0.09,500 Year
Mississippi,LD10ToSylvanUS,598.58,Max WS,332565.9,586.27,618.68,,618.77,0.000065,3.12,140128.8,7111.79,0.11,500 Year
Mississippi,LD10ToSylvanUS,598.07,Max WS,332541.5,586.67,618.49,,618.6,0.000068,3.34,133593.2,6660.62,0.11,500 Year
Mississippi,LD10ToSylvanUS,597.56,Max WS,332515.3,586.62,618.32,,618.43,0.000067,3.18,134820.9,6702.34,0.11,500 Year
Mississippi,LD10ToSylvanUS,597.05,Max WS,332441.4,584.18,618.17,,618.27,0.00006,3.04,140687.4,7043.5,0.1,500 Year
Mississippi,LD10ToSylvanUS,596.51,Max WS,332425.6,588.09,618,,618.09,0.000062,3.01,139914.8,7593.46,0.1,500 Year
Mississippi,LD10ToSylvanUS,596.09,Max WS,332418,583.63,617.88,,617.96,0.000046,2.67,153738.5,8113.03,0.09,500 Year
Mississippi,LD10ToSylvanUS,595.44,Max WS,332378.4,586.16,617.74,,617.82,0.000043,2.6,157570.1,7558.47,0.09,500 Year
Mississippi,LD10ToSylvanUS,595.05,Max WS,332393.8,583.17,617.64,,617.72,0.000047,2.63,157468.7,7630.17,0.09,500 Year
Mississippi,LD10ToSylvanUS,594.55,Max WS,332353.6,587.35,617.52,,617.6,0.000049,2.65,152706.9,7655.5,0.09,500 Year
Mississippi,LD10ToSylvanUS,594.12,Max WS,332327.7,580.88,617.33,,617.45,0.000083,3.24,160449,8002.64,0.12,500 Year
Mississippi,LD10ToSylvanUS,593.61,Max WS,332316.9,582.86,617.23,,617.29,0.000037,2.1,169870.4,8254.7,0.08,500 Year
Mississippi,LD10ToSylvanUS,593.08,Max WS,332329.7,578.73,617.11,,617.18,0.000041,2.22,173418.1,8867.19,0.08,500 Year
Mississippi,LD10ToSylvanUS,592.6,Max WS,332296.7,574.16,617.02,,617.08,0.000038,2.04,173749.9,9027.52,0.08,500 Year
Mississippi,LD10ToSylvanUS,592.1,Max WS,332294.4,570.97,616.91,,616.98,0.00004,2.11,174092.6,9144.53,0.08,500 Year
Mississippi,LD10ToSylvanUS,591.68,Max WS,332287,576.89,616.83,,616.89,0.000038,2.06,173469.3,8844.54,0.08,500 Year
Mississippi,LD10ToSylvanUS,591.23,Max WS,332263.6,581.62,616.72,,616.79,0.00004,2.13,162436,8482.11,0.08,500 Year
Mississippi,LD10ToSylvanUS,590.76,Max WS,332261.3,582.28,616.6,,616.68,0.000044,2.27,149670.6,7330.23,0.09,500 Year
Mississippi,LD10ToSylvanUS,590.06,Max WS,332250.9,584.45,616.47,,616.54,0.000039,2.08,160088.9,7787.99,0.08,500 Year
Mississippi,LD10ToSylvanUS,589.56,Max WS,332234.4,578.78,616.36,,616.43,0.000039,2.05,170389.9,8915.59,0.08,500 Year
Mississippi,LD10ToSylvanUS,589.12,Max WS,332214.3,571.62,616.28,,616.34,0.000039,2.06,173663.9,9048.76,0.08,500 Year
Mississippi,LD10ToSylvanUS,588.49,Max WS,331032.6,579.24,616.17,,616.22,0.00003,1.8,190416.8,9733.51,0.07,500 Year
Mississippi,LD10ToSylvanUS,588.05,Max WS,329927,585.53,616.1,,616.15,0.00003,1.82,186536.1,9643.82,0.07,500 Year
Mississippi,LD10ToSylvanUS,587.56,Max WS,332207.4,578.38,616.01,,616.07,0.000033,1.92,174022.1,8327.79,0.07,500 Year
Mississippi,LD10ToSylvanUS,586.81,Max WS,332190.5,577.43,615.88,,615.94,0.000036,2.02,181479,9699.07,0.08,500 Year
Mississippi,LD10ToSylvanUS,586.36,Max WS,332167.3,577.99,615.76,,615.84,0.000047,2.39,153936.9,8037.03,0.09,500 Year
Mississippi,LD10ToSylvanUS,585.78,Max WS,332160.6,568.74,615.6,,615.69,0.000051,2.45,138217.1,6864.87,0.09,500 Year
Mississippi,LD10ToSylvanUS,585.02,Max WS,332142,572.7,615.44,,615.51,0.000041,2.12,161649.3,8489.81,0.08,500 Year
Mississippi,LD10ToSylvanUS,584.07,Max WS,332152.1,577.39,615.2,,615.3,0.00005,2.52,135817.3,6292.38,0.09,500 Year
Mississippi,LD10ToSylvanUS,583.49,Max WS,332145.4,540.62,615.04,,615.14,0.000051,2.53,134950.5,6295.76,0.09,500 Year
Mississippi,LD10ToSylvanUS,583.19,Max WS,332131.9,563.46,614.94,,615.06,0.000061,2.82,131993.8,6591.14,0.1,500 Year
Mississippi,LD10ToSylvanUS,583.07,Max WS,332148.3,562.14,614.88,580.82,615.03,0.000043,3.57,129801.2,6527.95,0.09,500 Year
Mississippi,LD10ToSylvanUS,582.99,Max WS,332122.2,558.41,614.29,,614.46,0.00005,3.79,126340.3,6041.99,0.1,500 Year
Mississippi,LD10ToSylvanUS,582.86,Max WS,332128,555.24,614.27,,614.43,0.000044,3.56,133240.1,5667.75,0.09,500 Year
Mississippi,LD10ToSylvanUS,582.7,Max WS,332122.1,568.17,614.21,,614.39,0.000063,3.66,128555.9,5935.74,0.11,500 Year
Mississippi,LD10ToSylvanUS,582.28,Max WS,332097.6,568.01,614.04,,614.23,0.000072,4.05,124659.6,5295.38,0.12,500 Year
Mississippi,LD10ToSylvanUS,581.76,Max WS,332083.5,559.55,613.92,,614.04,0.000048,3.31,130363.1,5311.52,0.09,500 Year
Mississippi,LD10ToSylvanUS,581.27,Max WS,332089.3,569.8,613.76,586.15,613.9,0.000056,3.21,111969.3,4715.02,0.1,500 Year
Mississippi,LD10ToSylvanUS,581.22,Max WS,332095.2,568.82,613.73,,613.88,0.000052,3.28,108260.4,3640.43,0.1,500 Year
Mississippi,LD10ToSylvanUS,580.84,Max WS,332069.6,560.6,613.38,,613.75,0.000106,5.21,78694.23,4166.42,0.14,500 Year
Mississippi,LD10ToSylvanUS,580.44,Max WS,332062.3,558.79,613.18,,613.51,0.000091,4.63,72216.83,1978.4,0.13,500 Year
Mississippi,LD10ToSylvanUS,579.91,Max WS,332040.8,561.88,612.85,580.31,613.25,0.000076,5.06,65924.76,1783.9,0.14,500 Year
Mississippi,LD10ToSylvanUS,579.88,Max WS,332017.8,559.16,612.9,,613.24,0.00007,4.67,71716.32,1682.68,0.12,500 Year
Mississippi,LD10ToSylvanUS,579.59,Max WS,332025.8,562.98,612.86,,613.14,0.000072,4.26,78277.1,3172.62,0.12,500 Year
Mississippi,LD10ToSylvanUS,579.34,Max WS,332031.9,558.26,612.78,579.18,613.05,0.000063,4.18,80096.81,2864.32,0.11,500 Year
Mississippi,LD10ToSylvanUS,579.3,Max WS,332031.9,558.33,612.73,,613.02,0.000069,4.33,78840.33,3301.22,0.12,500 Year
Mississippi,LD10ToSylvanUS,579.03,Max WS,332017.6,551.25,612.59,,612.92,0.000093,4.83,82260.98,3237.78,0.14,500 Year
Mississippi,LD10ToSylvanUS,578.57,Max WS,331986.5,564.5,612.49,,612.71,0.000075,4.24,112847.1,6039.33,0.12,500 Year
Mississippi,LD10ToSylvanUS,578.02,Max WS,331993.6,561.27,612.35,,612.52,0.000063,4.05,133193,6366.34,0.11,500 Year
Mississippi,LD10ToSylvanUS,577.52,Max WS,331970.5,564.49,612.19,,612.35,0.000063,3.63,144011.5,6798.87,0.11,500 Year
Mississippi,LD10ToSylvanUS,577.06,Max WS,331962.3,569.78,611.96,,612.19,0.000085,4.18,121044.3,5973.36,0.13,500 Year
Mississippi,LD10ToSylvanUS,576.48,Max WS,331945.3,571.76,611.77,,611.93,0.000072,3.94,120139.3,5949.24,0.12,500 Year
Mississippi,LD10ToSylvanUS,575.93,Max WS,331944.5,562.93,611.53,,611.72,0.000076,4.38,107070.8,4479.64,0.12,500 Year
Mississippi,LD10ToSylvanUS,575.32,Max WS,331938,569.45,611.35,,611.5,0.000068,3.83,115828.5,4996.48,0.11,500 Year
Mississippi,LD10ToSylvanUS,574.83,Max WS,331903.1,576.94,611.07,,611.29,0.0001,4.24,104231,4919.93,0.14,500 Year
Mississippi,LD10ToSylvanUS,574.53,Max WS,331918.7,571.58,611.03,,611.14,0.000056,3.16,135560.2,6533.38,0.1,500 Year
Mississippi,LD10ToSylvanUS,573.98,Max WS,331887.9,568.71,610.88,,610.98,0.000058,3.31,149279.1,7401.64,0.1,500 Year
Mississippi,LD10ToSylvanUS,573.5,Max WS,331867.1,566.04,610.74,,610.84,0.000052,3.37,156141.6,7711.42,0.1,500 Year
Mississippi,LD10ToSylvanUS,572.92,Max WS,331860.2,573.76,610.59,,610.69,0.000049,2.95,152602.6,7050.26,0.09,500 Year
Mississippi,LD10ToSylvanUS,572.27,Max WS,331840.7,562.4,610.42,,610.52,0.000054,3.23,149422.5,7099.7,0.1,500 Year
Mississippi,LD10ToSylvanUS,571.93,Max WS,331839.9,563.07,610.32,,610.43,0.000059,3.16,145405.2,7017.4,0.1,500 Year
Mississippi,LD10ToSylvanUS,571.48,Max WS,331835.3,569.71,610.22,,610.32,0.000047,3.01,146499.2,6573.62,0.09,500 Year
Mississippi,LD10ToSylvanUS,571.01,Max WS,331824.2,562.28,610,,610.2,0.000085,4.32,120146,5803.77,0.13,500 Year
Mississippi,LD10ToSylvanUS,570.51,Max WS,331645.9,558.03,609.78,,609.99,0.00008,4.44,129637.8,6714.16,0.13,500 Year
Mississippi,LD10ToSylvanUS,569.86,Max WS,331786.9,565.85,609.57,,609.71,0.000063,3.66,130439.5,6119.51,0.11,500 Year
Mississippi,LD10ToSylvanUS,569.3,Max WS,331778.8,570.77,609.37,,609.51,0.000071,3.71,127396.9,5988.6,0.12,500 Year
Mississippi,LD10ToSylvanUS,568.85,Max WS,331506.8,575.49,609.2,,609.34,0.000076,3.65,130178.2,6795.42,0.12,500 Year
Mississippi,LD10ToSylvanUS,568.36,Max WS,331717.9,576.27,609.01,,609.13,0.000074,3.37,128560.3,6114.15,0.12,500 Year
Mississippi,LD10ToSylvanUS,567.96,Max WS,331673.8,570.81,608.83,,608.97,0.000081,3.64,122841.3,5865.93,0.12,500 Year
Mississippi,LD10ToSylvanUS,567.54,Max WS,331682.9,572.19,608.67,,608.8,0.000072,3.66,122433.1,5738.57,0.12,500 Year
Mississippi,LD10ToSylvanUS,567.17,Max WS,331682.2,573.75,608.54,,608.67,0.000071,3.54,126591.2,5939.77,0.11,500 Year
Mississippi,LD10ToSylvanUS,566.66,Max WS,331646.7,570.67,608.34,,608.48,0.000079,3.75,120920,5805.11,0.12,500 Year
Mississippi,LD10ToSylvanUS,566.05,Max WS,331619.8,569.92,608.1,,608.24,0.00008,3.66,118549.8,5732.33,0.12,500 Year
Mississippi,LD10ToSylvanUS,565.44,Max WS,331600.2,573.81,607.84,,608.01,0.000077,3.66,117768.6,5777.2,0.12,500 Year
Mississippi,LD10ToSylvanUS,565,Max WS,331558.6,569.07,607.66,,607.83,0.000078,3.79,124456.7,6212.51,0.12,500 Year
Mississippi,LD10ToSylvanUS,564.54,Max WS,331517.6,566.45,607.48,,607.65,0.000071,3.71,121873.6,6154.3,0.12,500 Year
Mississippi,LD10ToSylvanUS,564.21,Max WS,331533.2,560.04,607.41,,607.54,0.000051,3.2,131722.1,6079.63,0.1,500 Year
Mississippi,LD10ToSylvanUS,563.82,Max WS,331515.4,566.98,607.29,,607.42,0.000062,3.35,125360.2,5915.72,0.11,500 Year
Mississippi,LD10ToSylvanUS,563.39,Max WS,331505.6,570.34,607.11,,607.27,0.000075,3.78,120677.5,5927.36,0.12,500 Year
Mississippi,LD10ToSylvanUS,562.9,Max WS,331440.3,569.27,606.89,,607.08,0.000093,4.16,116934.3,5938.35,0.13,500 Year
Mississippi,LD10ToSylvanUS,562.48,Max WS,331411.9,569.94,606.73,,606.88,0.000079,3.7,128185.3,6986.55,0.12,500 Year
Mississippi,LD10ToSylvanUS,562.21,Max WS,331398.9,571.42,606.64,,606.76,0.000067,3.31,140285,7928.96,0.11,500 Year
Mississippi,LD10ToSylvanUS,561.74,Max WS,331388.2,576.11,606.53,,606.61,0.000052,2.83,157773.1,8784.16,0.1,500 Year
Mississippi,LD10ToSylvanUS,561.32,Max WS,331361.1,567.83,606.39,,606.48,0.00006,2.99,145267.8,7748.49,0.1,500 Year
Mississippi,LD10ToSylvanUS,560.74,Max WS,331351.1,569.77,606.22,,606.31,0.000062,2.95,146365.3,8146.16,0.1,500 Year
Mississippi,LD10ToSylvanUS,560,Max WS,331272.1,562.29,606,,606.08,0.000058,2.4,146540.7,7857.97,0.09,500 Year
Mississippi,LD10ToSylvanUS,559.39,Max WS,331251.7,565.46,605.81,,605.91,0.000056,2.79,141155.9,7207.83,0.1,500 Year
Mississippi,LD10ToSylvanUS,558.93,Max WS,331214,567.57,605.69,,605.79,0.000055,2.88,143959.6,7488.69,0.1,500 Year
Mississippi,LD10ToSylvanUS,558.39,Max WS,331115.9,560.45,605.51,,605.63,0.000063,3.3,142713,8174.46,0.11,500 Year
Mississippi,LD10ToSylvanUS,557.86,Max WS,331144,564.45,605.4,,605.48,0.000046,2.64,159035.2,8497.97,0.09,500 Year
Mississippi,LD10ToSylvanUS,557.5,Max WS,331141.5,561.59,605.31,,605.4,0.000052,2.82,150470.3,8266.67,0.1,500 Year
Mississippi,LD10ToSylvanUS,557.1,Max WS,331087.8,564.05,605.22,,605.3,0.000044,2.24,158803.6,8370.05,0.09,500 Year
Mississippi,LD10ToSylvanUS,556.91,Max WS,331069.3,562.27,605.17,,605.25,0.000048,2.37,156486.8,8451.02,0.09,500 Year
Mississippi,LD10ToSylvanUS,556.75,Max WS,331040.8,560.78,605.15,,605.22,0.000035,2.08,171395.5,8487.53,0.08,500 Year
Mississippi,LD10ToSylvanUS,556.66,Max WS,331058.1,554.74,605.12,576.29,605.2,0.000046,2.26,158072.1,8765.54,0.09,500 Year
Mississippi,LD10ToSylvanUS,556.61,Max WS,330867.8,560.92,604.54,,604.67,0.000075,3.79,148888.4,8912.33,0.12,500 Year
Mississippi,LD10ToSylvanUS,556.49,Max WS,330904.3,543.31,604.5,,604.64,0.000052,3.6,171689.5,9133.97,0.1,500 Year
Mississippi,LD10ToSylvanUS,556.43,Max WS,330867.1,559.36,604.49,,604.62,0.000051,3.5,172617.6,9233.44,0.1,500 Year
Mississippi,LD10ToSylvanUS,556.03,Max WS,330873.7,561.71,604.4,,604.5,0.00005,3.18,181333.3,10143.54,0.1,500 Year
Mississippi,LD10ToSylvanUS,555.62,Max WS,330812.3,558.9,604.29,,604.4,0.000053,3.33,176778.9,11067.3,0.1,500 Year
Mississippi,LD10ToSylvanUS,555.07,Max WS,330717.8,563.61,604.18,,604.25,0.000041,2.56,205174.8,11990.94,0.09,500 Year
Mississippi,LD10ToSylvanUS,554.54,Max WS,330715.3,564.11,604.08,,604.14,0.000036,2.42,216086.6,13030.9,0.08,500 Year
Mississippi,LD10ToSylvanUS,553.98,Max WS,330734.8,562.06,603.99,,604.04,0.00003,2.41,216438.3,12009.88,0.07,500 Year
Mississippi,LD10ToSylvanUS,553.28,Max WS,330706.2,558.31,603.87,,603.93,0.000039,2.95,195615.2,10307.91,0.09,500 Year
Mississippi,LD10ToSylvanUS,552.69,Max WS,330648.5,564.54,603.76,,603.81,0.000032,2.37,210894.2,12453.74,0.08,500 Year
Mississippi,LD10ToSylvanUS,551.82,Max WS,330627,564.9,603.6,,603.66,0.000037,2.43,233091,14015.59,0.08,500 Year
Mississippi,LD10ToSylvanUS,550.97,Max WS,330528.2,552.93,603.44,,603.5,0.000034,2.65,218777.4,12488.52,0.08,500 Year
Mississippi,LD10ToSylvanUS,550.37,Max WS,330535.9,560.08,603.36,,603.4,0.000026,2.19,234321.4,11934.33,0.07,500 Year
Mississippi,LD10ToSylvanUS,549.6,Max WS,330516,561.14,603.17,,603.27,0.000053,3.34,188753.4,11379.56,0.1,500 Year
Mississippi,LD10ToSylvanUS,548.97,Max WS,330449.2,551.68,602.94,,603.12,0.000066,4.13,183186,12473.67,0.12,500 Year
Mississippi,LD10ToSylvanUS,548.07,Max WS,307512.9,550.72,602.54,,602.76,0.000083,3.85,86734.18,4518.42,0.12,500 Year
Mississippi,LD10ToSylvanUS,547.44,Max WS,306346.7,565.8,602.24,,602.47,0.000095,4.11,89860.85,4528.32,0.13,500 Year
Mississippi,LD10ToSylvanUS,546.91,Max WS,304164.2,558.96,601.97,,602.19,0.000097,3.93,84510.34,4121.33,0.13,500 Year
Mississippi,LD10ToSylvanUS,546.3,Max WS,328931.4,565.18,601.53,,601.82,0.00012,4.8,84161.74,3990.43,0.15,500 Year
Mississippi,LD10ToSylvanUS,545.82,Max WS,335059.7,562.04,601.4,,601.55,0.000078,3.83,190606.9,15202.31,0.12,500 Year
Mississippi,LD10ToSylvanUS,545.38,Max WS,334153.8,567.1,601.3,,601.36,0.000045,2.81,206251.5,13295.34,0.09,500 Year
Mississippi,LD10ToSylvanUS,544.82,Max WS,334978,564.87,601.14,,601.22,0.000052,2.97,188837.2,16895.61,0.1,500 Year
Mississippi,LD10ToSylvanUS,544.32,Max WS,334925,567.52,600.9,,601.05,0.000098,3.88,166564.7,14337.67,0.13,500 Year
Mississippi,LD10ToSylvanUS,543.6,Max WS,334802.8,549.24,600.68,,600.76,0.000045,3.01,184539.6,13279.59,0.09,500 Year
Mississippi,LD10ToSylvanUS,543.19,Max WS,334843.3,559.82,600.57,,600.64,0.000065,3.22,174000.5,10621.22,0.11,500 Year
Mississippi,LD10ToSylvanUS,542.56,Max WS,334741.4,564.28,600.34,,600.45,0.000073,3.44,150209.7,8833.04,0.12,500 Year
Mississippi,LD10ToSylvanUS,541.83,Max WS,334171.9,552.7,600.06,,600.22,0.000085,4.13,162852.9,10650.21,0.13,500 Year
Mississippi,LD10ToSylvanUS,541.09,Max WS,334636.5,552.42,599.81,,599.95,0.000067,3.65,176890.4,11095.43,0.11,500 Year
Mississippi,LD10ToSylvanUS,540.41,Max WS,334598.7,550.94,599.7,,599.75,0.000042,2.63,192629.6,11323.95,0.09,500 Year
Mississippi,LD10ToSylvanUS,539.79,Max WS,334546.3,554.74,599.49,,599.63,0.000072,3.94,184403,12670.89,0.12,500 Year
Mississippi,LD10ToSylvanUS,539.22,Max WS,334500.2,560.16,599.34,,599.43,0.000057,2.89,184411.1,11869.05,0.1,500 Year
Mississippi,LD10ToSylvanUS,538.62,Max WS,334457.6,558.31,599.01,,599.21,0.000098,4.27,166792.7,11107.29,0.14,500 Year
Mississippi,LD10ToSylvanUS,538.13,Max WS,334335.7,545.19,598.66,,598.99,0.000111,5.41,103409,10102.21,0.15,500 Year
Mississippi,LD10ToSylvanUS,537.84,Max WS,334328.7,555.11,598.44,573.63,598.8,0.000126,5.27,78886.94,10272.56,0.16,500 Year
Mississippi,LD10ToSylvanUS,537.8,Max WS,334110,553.88,598.28,,598.66,0.000119,5.27,73206.7,10181.54,0.15,500 Year
Mississippi,LD10ToSylvanUS,537.16,Max WS,333994.4,563.98,597.92,,598.22,0.000137,4.62,83416.09,10543.23,0.16,500 Year
Mississippi,LD10ToSylvanUS,536.44,Max WS,333828,559.41,597.5,,597.74,0.000134,4.49,126600.2,16804.63,0.15,500 Year
Mississippi,LD10ToSylvanUS,535.96,Max WS,333743.1,563.04,597.27,,597.42,0.00009,4,169351.5,15826.6,0.13,500 Year
Mississippi,LD10ToSylvanUS,535.73,Max WS,333718,561.33,597.23,,597.33,0.000058,3.18,183311.8,12782.23,0.1,500 Year
Mississippi,LD10ToSylvanUS,535.52,Max WS,333670.7,550.38,597.15,,597.27,0.00006,3.43,176953,12083.26,0.11,500 Year
Mississippi,LD10ToSylvanUS,535,Max WS,333564.3,551.77,597.03,574.37,597.11,0.000049,3.09,195635.2,13925.74,0.1,500 Year
Mississippi,LD10ToSylvanUS,534.91,Max WS,333603.9,547.16,597.03,,597.1,0.000041,2.86,211282.4,15358.35,0.09,500 Year
Mississippi,LD10ToSylvanUS,534.1,Max WS,331208.4,565.78,596.91,,596.95,0.000029,2.16,263747,19539.36,0.07,500 Year
Mississippi,LD10ToSylvanUS,533.47,Max WS,333270.1,568.45,596.82,,596.85,0.000023,1.77,274007.7,19146.63,0.06,500 Year
Mississippi,LD10ToSylvanUS,532.75,Max WS,333524.3,564.68,596.72,,596.75,0.000025,1.91,253396.2,16238.25,0.07,500 Year
Mississippi,LD10ToSylvanUS,532.23,Max WS,333474.9,555.61,596.61,,596.66,0.000044,2.56,232448.3,16667.43,0.09,500 Year
Mississippi,LD10ToSylvanUS,531.6,Max WS,333440.5,564.97,596.46,,596.51,0.000043,2.49,226005.9,17105.34,0.09,500 Year
Mississippi,LD10ToSylvanUS,530.75,Max WS,333342.2,563.69,596.21,,596.28,0.000059,2.6,171647,11469.27,0.1,500 Year
Mississippi,LD10ToSylvanUS,530.08,Max WS,333331.8,566.24,596.03,,596.1,0.000055,2.43,168017,11817.76,0.09,500 Year
Mississippi,LD10ToSylvanUS,529.62,Max WS,333312.2,552.69,595.91,,595.98,0.000057,2.43,166134.9,12582.41,0.1,500 Year
Mississippi,LD10ToSylvanUS,529.14,Max WS,333278.4,544.49,595.76,,595.82,0.000043,2.04,175759,11660.06,0.08,500 Year
Mississippi,LD10ToSylvanUS,528.44,Max WS,333207.7,554.48,595.63,,595.68,0.000038,1.82,199888.4,11924.2,0.08,500 Year
Mississippi,LD10ToSylvanUS,527.83,Max WS,333192.9,559.93,595.55,,595.58,0.000023,1.42,254901.3,16293.83,0.06,500 Year
Mississippi,LD10ToSylvanUS,526.96,Max WS,333201.3,556.23,595.47,,595.49,0.000016,1.14,324953.6,22542.41,0.05,500 Year
Mississippi,LD10ToSylvanUS,526.51,Max WS,333166.8,556.87,595.43,,595.45,0.000017,1.21,311692.5,24292.93,0.05,500 Year
Mississippi,LD10ToSylvanUS,525.94,Max WS,333156.2,565.39,595.38,,595.4,0.000015,1.15,335866,26372.3,0.05,500 Year
Mississippi,LD10ToSylvanUS,525.04,Max WS,333134,555.61,595.31,,595.33,0.000015,1.14,349219.3,28931.82,0.05,500 Year
Mississippi,LD10ToSylvanUS,524.5,Max WS,333136.8,564.19,595.27,,595.29,0.000014,1.11,347110.1,27479.35,0.05,500 Year
Mississippi,LD10ToSylvanUS,524.04,Max WS,333134.8,559.32,595.24,,595.25,0.000014,1.12,333597.8,24777.31,0.05,500 Year
Mississippi,LD10ToSylvanUS,523.57,Max WS,333129.9,555.34,595.2,,595.22,0.000016,1.21,330863,24841.08,0.05,500 Year
Mississippi,LD10ToSylvanUS,523.2,Max WS,333138.6,549.47,595.17,,595.19,0.000016,1.21,321387.8,24987.63,0.05,500 Year
Mississippi,LD10ToSylvanUS,522.92,Max WS,333120.8,553.2,595.14,,595.16,0.00002,1.37,297953.8,22482.69,0.06,500 Year
Mississippi,LD10ToSylvanUS,522.59,Max WS,333123.6,541.23,595.09,566.48,595.13,0.000023,1.52,232026.5,21852.54,0.06,500 Year
Mississippi,LD10ToSylvanUS,522.47,Max WS,333113.2,514.14,594.87,,595.01,0.000041,3.57,170811.7,10105.85,0.09,500 Year
Mississippi,LD10ToSylvanUS,522.37,Max WS,333112.2,538.25,594.87,,594.96,0.000034,2.9,193515.9,9306.07,0.08,500 Year
Mississippi,LD10ToSylvanUS,522.27,Max WS,333103.5,540.53,594.84,,594.94,0.000041,3.08,174990.9,8776.41,0.09,500 Year
Mississippi,LD10ToSylvanUS,522.17,Max WS,333099.3,544.49,594.76,,594.93,0.000066,3.85,150377.3,7763.63,0.11,500 Year
Mississippi,LD10ToSylvanUS,521.71,Max WS,333097.8,544.48,594.52,,594.77,0.000089,4.64,112119.4,5045.3,0.13,500 Year
Mississippi,LD10ToSylvanUS,521.19,Max WS,333093.3,538.72,594.3,,594.54,0.000064,3.96,84519.62,2184.42,0.11,500 Year
Mississippi,LD10ToSylvanUS,520.96,Max WS,326860.2,546.87,594.15,,594.46,0.00009,4.46,74886.09,2343.22,0.13,500 Year
Mississippi,LD10ToSylvanUS,520.65,Max WS,333057,543.76,593.89,,594.27,0.000126,4.98,68243.98,2139,0.15,500 Year
Mississippi,LD10ToSylvanUS,520.43,Max WS,333052.1,540.81,593.69,,594.13,0.000127,5.31,63463.62,1824.62,0.15,500 Year
Mississippi,LD10ToSylvanUS,520.01,Max WS,333042,543.36,593.43,563.75,593.86,0.000121,5.23,64629.09,1802.09,0.15,500 Year
Mississippi,LD10ToSylvanUS,519.99,Max WS,333022.4,546.72,593.33,,593.79,0.000137,5.44,62476.2,1820.07,0.16,500 Year
Mississippi,LD10ToSylvanUS,519.97,Max WS,333033,546.71,593.32,,593.77,0.000136,5.42,62060.04,1890.88,0.16,500 Year
Mississippi,LD10ToSylvanUS,519.77,Max WS,333022.3,540.87,593.28,,593.65,0.000108,4.96,80315.2,3210.86,0.14,500 Year
Mississippi,LD10ToSylvanUS,519.56,Max WS,333042.4,548.1,593.27,,593.53,0.000089,4.32,95748.84,3829.29,0.13,500 Year
Mississippi,LD10ToSylvanUS,519.07,Max WS,332998.8,539.91,593.02,,593.29,0.000087,4.42,91240.14,4064.53,0.13,500 Year
Mississippi,LD10ToSylvanUS,518.38,Max WS,332998,544.52,592.65,,592.95,0.000118,5.21,97042.53,4649.76,0.15,500 Year
Mississippi,LD10ToSylvanUS,518.08,Max WS,332992.9,538.28,592.48,,592.76,0.000127,5.03,91271.95,4999.65,0.15,500 Year
Mississippi,LD10ToSylvanUS,518.03,Max WS,332970.9,536.51,592.41,567.84,592.73,0.000132,5.5,81912.88,4685.23,0.15,500 Year
Mississippi,LD10ToSylvanUS,518,Max WS,332956.1,534.21,592.41,,592.7,0.000116,5.24,83306.92,4979.77,0.15,500 Year
Mississippi,LD10ToSylvanUS,517.94,Max WS,332978.6,534.41,592.31,566.49,592.68,0.000138,5.87,77648.98,4355.75,0.16,500 Year
Mississippi,LD10ToSylvanUS,517.91,Max WS,332944.7,531.51,592.31,,592.64,0.00012,5.4,79470.86,4320.91,0.15,500 Year
Mississippi,LD10ToSylvanUS,517.88,Max WS,332978.6,526.84,592.34,,592.61,0.000096,5.07,87669.71,4403.12,0.13,500 Year
Mississippi,LD10ToSylvanUS,517.61,Max WS,332955.9,545.16,592.21,,592.46,0.000106,4.88,98393.31,4526.01,0.14,500 Year
Mississippi,LD10ToSylvanUS,517.25,Max WS,332960.6,550.22,592.09,,592.29,0.000091,4.13,117872.6,6007.05,0.13,500 Year
Mississippi,LD10ToSylvanUS,517,Max WS,332933.1,550.47,592.01,,592.15,0.000077,3.7,139763.4,7502.43,0.12,500 Year
Mississippi,LD10ToSylvanUS,516.55,Max WS,332747.2,550.83,591.86,,592,0.000073,3.68,153725.9,10323.49,0.11,500 Year
Mississippi,LD10ToSylvanUS,516.03,Max WS,332756.4,553.51,591.7,,591.8,0.00006,3.28,181119.2,10669.28,0.1,500 Year
Mississippi,LD10ToSylvanUS,515.47,Max WS,332735.2,549.22,591.53,,591.63,0.000066,3.31,174365.7,10682.6,0.11,500 Year
Mississippi,LD10ToSylvanUS,514.98,Max WS,332727.4,550.64,591.34,,591.47,0.000079,3.66,166570.8,10805.23,0.12,500 Year
Mississippi,LD10ToSylvanUS,514.4,Max WS,332697.7,552.85,591.08,,591.22,0.000091,3.54,148063.2,8524.82,0.12,500 Year
Mississippi,LD10ToSylvanUS,513.98,Max WS,332701.4,554.56,590.89,,591.02,0.000079,3.44,143195.6,8200.93,0.12,500 Year
Mississippi,LD10ToSylvanUS,513.57,Max WS,332691.7,555.09,590.74,,590.86,0.000068,3.31,138139.3,12015.42,0.11,500 Year
Mississippi,LD10ToSylvanUS,513.04,Max WS,332687.7,550.98,590.53,,590.66,0.000078,3.36,137300.8,12223.16,0.11,500 Year
Mississippi,LD10ToSylvanUS,512.72,Max WS,332661.1,552.11,590.39,,590.53,0.000075,3.23,134539.3,10569.74,0.11,500 Year
Mississippi,LD10ToSylvanUS,512.02,Max WS,332654.4,549.28,589.98,,590.21,0.00011,4.22,107793.1,6683.24,0.14,500 Year
Mississippi,LD10ToSylvanUS,511.61,Max WS,332633.2,549.13,589.72,,589.99,0.000093,4.66,106745.9,7041.17,0.15,500 Year
Mississippi,LD10ToSylvanUS,510.98,Max WS,332593.4,550.94,589.52,,589.69,0.000067,3.9,132182.4,8587.84,0.12,500 Year
Mississippi,LD10ToSylvanUS,510.06,Max WS,332598.5,553.24,589.23,,589.38,0.000059,3.46,156774.6,10042.71,0.11,500 Year
Mississippi,LD10ToSylvanUS,509.36,Max WS,332580.3,549.51,588.96,,589.15,0.000072,4.31,125259.8,7181.59,0.13,500 Year
Mississippi,LD10ToSylvanUS,508.92,Max WS,332590.4,551.41,588.82,,588.98,0.00007,3.92,123707.1,6813.84,0.13,500 Year
Mississippi,LD10ToSylvanUS,508.58,Max WS,332555.9,552.62,588.71,,588.85,0.000061,3.61,126936,7092.8,0.12,500 Year
Mississippi,LD10ToSylvanUS,507.98,Max WS,332572.6,552.53,588.5,,588.65,0.000058,3.66,130952.2,7654.91,0.11,500 Year
Mississippi,LD10ToSylvanUS,507.47,Max WS,332560.4,551.39,588.34,,588.49,0.000057,3.55,152355.8,8557,0.11,500 Year
Mississippi,LD10ToSylvanUS,506.92,Max WS,330105.6,547.93,588.19,,588.31,0.000052,3.41,184005.7,13287.56,0.11,500 Year
Mississippi,LD10ToSylvanUS,506.04,Max WS,332533.1,550.87,587.92,,588.06,0.000057,3.35,155351.7,9625.64,0.11,500 Year
Mississippi,LD10ToSylvanUS,505.59,Max WS,349531.4,556.06,587.79,,587.9,0.000066,3.41,165253.1,10465.99,0.12,500 Year
Mississippi,LD10ToSylvanUS,505.05,Max WS,349535.9,552.95,587.61,,587.73,0.000062,3.68,173855.6,10520.82,0.12,500 Year
Mississippi,LD10ToSylvanUS,504.59,Max WS,349532.5,548.25,587.42,,587.58,0.000077,4.25,163761,11689.23,0.13,500 Year
Mississippi,LD10ToSylvanUS,504.13,Max WS,349527.6,553.87,587.29,,587.39,0.000051,3.19,166854.2,10867.42,0.11,500 Year
Mississippi,LD10ToSylvanUS,503.49,Max WS,349528.8,554.53,587.1,,587.21,0.000064,3.05,148603.9,9395.75,0.11,500 Year
Mississippi,LD10ToSylvanUS,503.24,Max WS,349528.5,543.81,586.98,,587.14,0.000065,3.3,122692.5,5980.73,0.12,500 Year
Mississippi,LD10ToSylvanUS,503.05,Max WS,349528,545.35,586.81,,587.08,0.000087,4.41,93464.83,4936.95,0.14,500 Year
Mississippi,LD10ToSylvanUS,502.6,Max WS,349525.7,544.37,586.52,,586.85,0.000109,4.64,78968.23,3132.3,0.15,500 Year
Mississippi,LD10ToSylvanUS,502.07,Max WS,349524.9,537.15,586.12,,586.51,0.000145,5.11,74979.19,3413.16,0.18,500 Year
Mississippi,LD10ToSylvanUS,501.82,Max WS,349525.4,536.06,585.92,,586.31,0.000148,5.02,70498.88,3014.07,0.18,500 Year
Mississippi,LD10ToSylvanUS,501.58,Max WS,349523.5,536.58,585.72,,586.14,0.000132,5.22,69840.62,2926.25,0.17,500 Year
Mississippi,LD10ToSylvanUS,501.08,Max WS,349524.8,528.19,585.39,,585.8,0.000112,5.18,69994.59,2622.69,0.16,500 Year
Mississippi,LD10ToSylvanUS,500.52,Max WS,349520.3,543.31,585.06,,585.43,0.000131,4.88,73834.52,3278.64,0.17,500 Year
Mississippi,LD10ToSylvanUS,500.1,Max WS,349522.5,547.34,584.81,,585.15,0.00012,4.68,75570.39,3099.14,0.16,500 Year
Mississippi,LD10ToSylvanUS,499.58,Max WS,349518.6,550.6,584.45,,584.82,0.000126,4.9,71879.23,2792.66,0.17,500 Year
Mississippi,LD10ToSylvanUS,499.07,Max WS,349519.8,550.54,584.08,,584.47,0.000134,5.01,71115.04,3065,0.17,500 Year
Mississippi,LD10ToSylvanUS,498.59,Max WS,349516,549.93,583.81,,584.13,0.000118,4.58,77812.97,3322.51,0.16,500 Year
Mississippi,LD10ToSylvanUS,498.02,Max WS,349514.5,541.58,583.31,,583.77,0.000127,5.5,65009.62,2413.58,0.17,500 Year
Mississippi,LD10ToSylvanUS,497.6,Max WS,349514.9,543.42,582.9,,583.45,0.000138,5.99,59223.48,1955.95,0.18,500 Year
Mississippi,LD10ToSylvanUS,497.13,Max WS,349515.3,537.89,582.49,,583.1,0.000158,6.27,56742.32,1928.11,0.19,500 Year
Mississippi,LD10ToSylvanUS,496.81,Max WS,349515.2,540.68,582.4,,582.85,0.000139,5.33,66236.04,2586.97,0.18,500 Year
Mississippi,LD10ToSylvanUS,496.52,Max WS,349516.2,554.38,582.19,,582.62,0.000201,5.25,66839.6,3230.21,0.2,500 Year
Mississippi,LD10ToSylvanUS,496.05,Max WS,349515.2,545.8,581.37,,581.97,0.000234,6.17,57362.12,2537.2,0.22,500 Year
Mississippi,LD10ToSylvanUS,495.45,Max WS,349509.2,546.32,580.64,565.81,581.17,0.000228,5.86,60101.31,2751.64,0.22,500 Year
Mississippi,LD10ToSylvanUS,495.4,Max WS,349511.1,549.37,580.56,,581.09,0.000225,5.82,60818.54,2871.01,0.21,500 Year
Mississippi,LD10ToSylvanUS,495.1,Max WS,349508.6,550.57,580.16,,580.69,0.000229,5.83,60938.61,2945.44,0.22,500 Year
Mississippi,LD10ToSylvanUS,494.68,Max WS,349503.9,548.59,579.94,,580.29,0.00015,4.79,75483.04,3721.38,0.18,500 Year
Mississippi,LD10ToSylvanUS,494.07,Max WS,349508.2,544.74,579.57,,579.88,0.000137,4.6,82393.87,4614.33,0.17,500 Year
Mississippi,LD10ToSylvanUS,493.43,Max WS,349499.7,544.92,579.17,560.69,579.54,0.000133,5.25,77695.74,4735.33,0.17,500 Year
Mississippi,LD10ToSylvanUS,493.31,Max WS,349494.2,547.91,577.09,,577.59,0.000202,6.11,65633.95,4216.56,0.21,500 Year
Mississippi,LD10ToSylvanUS,492.98,Max WS,349488.3,543.97,577.06,,577.38,0.000126,4.63,78797.29,3619.24,0.16,500 Year
Mississippi,LD10ToSylvanUS,492.51,Max WS,349486.7,543.5,576.76,,577.09,0.000117,4.59,81135.63,3708.63,0.16,500 Year
Mississippi,LD10ToSylvanUS,492.08,Max WS,349485.7,539.67,576.5,,576.81,0.00012,4.51,82897.88,4061.56,0.16,500 Year
Mississippi,LD10ToSylvanUS,491.38,Max WS,349481.9,546.79,576.21,,576.42,0.000088,3.7,104946.4,6715.81,0.14,500 Year
Mississippi,LD10ToSylvanUS,491.01,Max WS,349473.4,547.44,576.08,,576.26,0.000082,3.63,117267.3,7077.99,0.13,500 Year
Mississippi,LD10ToSylvanUS,490.63,Max WS,349475.7,546.97,575.87,,576.07,0.000099,3.91,110824.1,7246.21,0.14,500 Year
Mississippi,LD10ToSylvanUS,490.02,Max WS,349473.8,545,575.47,,575.71,0.000113,4.23,97465.43,6555.42,0.16,500 Year
Mississippi,LD10ToSylvanUS,489.76,Max WS,349469.2,544.52,575.36,,575.57,0.000094,3.82,97890.63,5313.06,0.14,500 Year
Mississippi,LD10ToSylvanUS,489.5,Max WS,349471,545.37,575.16,,575.43,0.000104,4.12,87136.16,5273.74,0.15,500 Year
Mississippi,LD10ToSylvanUS,489.05,Max WS,349469.3,539.07,574.76,,575.13,0.000143,4.89,75203.59,5889.44,0.17,500 Year
Mississippi,LD10ToSylvanUS,488.61,Max WS,349464.8,541.55,574.41,,574.8,0.000148,5.06,74785.2,5423.7,0.18,500 Year
Mississippi,LD10ToSylvanUS,488.04,Max WS,349466.3,546.95,574.09,,574.38,0.000121,4.42,93526.21,6174.99,0.16,500 Year
Mississippi,LD10ToSylvanUS,487.83,Max WS,349456.2,543.41,573.87,,574.23,0.000147,4.81,73936.22,3463.26,0.17,500 Year
Mississippi,LD10ToSylvanUS,487.56,Max WS,349457.8,543.5,573.63,,574.02,0.000154,5.04,70950.51,3603.67,0.18,500 Year
Mississippi,LD10ToSylvanUS,487.06,Max WS,349452.9,534.78,573.01,,573.54,0.000206,5.86,61659.08,2925.71,0.21,500 Year
Mississippi,LD10ToSylvanUS,486.79,Max WS,349452.7,540.54,572.79,,573.26,0.000188,5.57,64589.17,3171.11,0.2,500 Year
Mississippi,LD10ToSylvanUS,486.51,Max WS,349448.6,541.95,572.53,,572.99,0.000188,5.44,66140.23,3411.6,0.2,500 Year
Mississippi,LD10ToSylvanUS,486.26,Max WS,349448.1,539.5,572.45,,572.78,0.000131,4.63,77395.39,3674.27,0.17,500 Year
Mississippi,ArsenalIowaSide,486.02,Max WS,325807.1,543.27,572.45,,572.89,0.000186,5.34,61107.93,2638.83,0.19,500 Year
Mississippi,ArsenalIowaSide,485.86,Max WS,325799.8,541.81,572.32,555.57,572.75,0.000168,5.22,63587.83,2755.32,0.19,500 Year
Mississippi,ArsenalIowaSide,485.83,Max WS,325806.9,538.01,572.24,,572.68,0.000181,5.36,63098.02,2879.15,0.19,500 Year
Mississippi,ArsenalIowaSide,485.42,Max WS,322928.7,541.87,571.66,,572.24,0.000237,6.11,53653.98,2870.64,0.22,500 Year
Mississippi,ArsenalIowaSide,484.99,Max WS,301636,536.46,570.7,,571.7,0.000344,8.05,38360.23,1838.06,0.27,500 Year
Mississippi,ArsenalIowaSide,484.71,Max WS,295282.2,532.49,570.3,,571.26,0.000289,7.88,38013.43,1509.65,0.25,500 Year
Mississippi,ArsenalIowaSide,484.4,Max WS,303042.3,538.77,570.35,,570.82,0.000188,5.49,55643.3,2450.53,0.2,500 Year
Mississippi,ArsenalIowaSide,483.98,Max WS,326178.9,537.02,569.6,,570.28,0.000231,6.65,51833.6,2546.76,0.22,500 Year
Mississippi,ArsenalIowaSide,483.6,Max WS,326152.4,533.17,569.23,,569.85,0.0002,6.31,53963.7,2673.45,0.21,500 Year
Mississippi,ArsenalIowaSide,483.44,Max WS,326149.7,531.49,568.78,,569.68,0.000281,7.65,46016.09,2595.63,0.25,500 Year
Mississippi,ArsenalIowaSide,483.28,Max WS,326152.1,531.86,568.46,,569.44,0.000314,8.05,45991.57,3400.17,0.26,500 Year
Mississippi,ArsenalIowaSide,483.12,Max WS,326149.4,532.08,568.52,,569.2,0.00019,6.87,54854.05,2711.55,0.21,500 Year
Mississippi,ArsenalIowaSide,483,Max WS,326113.9,532.54,567.64,,569.05,0.000392,9.57,37213.31,2202.42,0.3,500 Year
Mississippi,ArsenalIowaSide,482.92,Max WS,326110.9,530.29,567.68,549.18,568.9,0.000338,8.89,38841.26,2193.64,0.28,500 Year
Mississippi,ArsenalIowaSide,482.9,Max WS,326113.8,530.75,567.43,,568.71,0.00037,9.11,36698.08,1819.26,0.29,500 Year
Mississippi,ArsenalIowaSide,482.86,Max WS,326104.4,531.78,567.53,548.19,568.64,0.000314,8.51,41309.63,2201.32,0.26,500 Year
Mississippi,ArsenalIowaSide,482.74,Max WS,326086.7,508.75,567.14,,567.75,0.00012,6.33,59546.09,2684.23,0.19,500 Year
Mississippi,ArsenalIowaSide,482.67,Max WS,326108.7,521.75,567.25,,567.69,0.000093,5.34,66028.63,2686.46,0.16,500 Year
Mississippi,ArsenalIowaSide,482.61,Max WS,326092.8,530.29,567.17,,567.66,0.000121,5.66,62423.94,2754.89,0.18,500 Year
Mississippi,SylvanDSToRock,482.49,Max WS,349305.1,531.27,567.17,,567.47,0.000069,4.44,82755.08,3254.1,0.14,500 Year
Mississippi,SylvanDSToRock,482.29,Max WS,349288.8,530.94,567,,567.4,0.000085,5.07,73008.63,3054.7,0.16,500 Year
Mississippi,SylvanDSToRock,482.1,Max WS,349276,528.92,566.87,544.76,567.31,0.000101,5.36,72634.78,3742.95,0.17,500 Year
Mississippi,SylvanDSToRock,482.05,Max WS,349286.1,529.73,566.9,,567.29,0.000095,5.07,76161.64,3944.08,0.16,500 Year
Mississippi,SylvanDSToRock,481.77,Max WS,349272.7,532.03,566.78,,567.15,0.000091,4.92,79496.17,4955.24,0.16,500 Year
Mississippi,SylvanDSToRock,481.39,Max WS,349268.3,532.25,566.58,545.41,566.97,0.000096,5.08,76708.8,4113.2,0.16,500 Year
Mississippi,SylvanDSToRock,481.34,Max WS,349255.1,532.24,566.46,,566.88,0.000104,5.27,71630.97,3770.77,0.17,500 Year
Mississippi,SylvanDSToRock,481.05,Max WS,349217.9,532.91,566.32,,566.72,0.000104,5.06,72732.34,3559.44,0.17,500 Year
Mississippi,SylvanDSToRock,480.7,Max WS,349232.1,533.04,566.23,,566.54,0.000088,4.47,87825.7,5467.68,0.15,500 Year
Mississippi,SylvanDSToRock,480.14,Max WS,349220.9,527.23,566.03,,566.3,0.000082,4.79,109720,7380.27,0.15,500 Year
Mississippi,SylvanDSToRock,480.04,Max WS,349220.5,528.69,565.99,,566.26,0.000078,4.68,123605.9,10393.53,0.15,500 Year
Mississippi,SylvanDSToRock,479.66,Max WS,349198.9,531.66,565.98,,566.09,0.000039,3.13,168098.1,10277.6,0.1,500 Year
Mississippi,RockToIowa,478.98,Max WS,381133.9,530.62,565.98,,566.14,0.000055,3.63,163624.6,11328.29,0.12,500 Year
Mississippi,RockToIowa,478.65,Max WS,381126.5,528.98,565.87,,566.04,0.000058,3.63,141054.7,12389.53,0.12,500 Year
Mississippi,RockToIowa,478.34,Max WS,381135.4,530.26,565.61,544.45,565.94,0.000087,4.8,98951.81,12124.33,0.16,500 Year
Mississippi,RockToIowa,478.25,Max WS,381131,531.67,565.67,,565.95,0.000079,4.56,100115.7,12346.25,0.15,500 Year
Mississippi,RockToIowa,477.92,Max WS,381133.1,528.7,565.57,,565.79,0.000075,4.41,154445.3,12427.77,0.14,500 Year
Mississippi,RockToIowa,477.65,Max WS,380830.6,529.12,565.52,,565.68,0.000052,3.69,179580.4,13263.06,0.12,500 Year
Mississippi,RockToIowa,477.05,Max WS,380845.8,527.87,565.39,,565.51,0.000048,3.54,189047.9,13523.89,0.12,500 Year
Mississippi,RockToIowa,476.56,Max WS,381111.3,529.67,565.14,,565.36,0.000072,4.31,140334.8,9067.77,0.14,500 Year
Mississippi,RockToIowa,476.02,Max WS,381092.1,531.86,564.9,,565.14,0.000075,4.33,133202.3,7359.5,0.14,500 Year
Mississippi,RockToIowa,475.55,Max WS,381089.2,531.48,564.81,,564.96,0.000058,3.77,140379.9,7393.9,0.13,500 Year
Mississippi,RockToIowa,474.95,Max WS,381076.7,529.63,564.59,,564.79,0.000067,4.2,123404.1,6157.88,0.14,500 Year
Mississippi,RockToIowa,474.49,Max WS,381080.5,529.76,564.39,,564.61,0.000072,4.56,111501.1,5973.11,0.14,500 Year
Mississippi,RockToIowa,473.94,Max WS,381073.3,530.44,564.22,,564.41,0.000066,3.78,114112.1,6129.62,0.13,500 Year
Mississippi,RockToIowa,473.48,Max WS,381075.2,528.78,564,,564.23,0.000087,4.47,108687.9,6425.3,0.15,500 Year
Mississippi,RockToIowa,473.01,Max WS,376485.6,531.56,563.75,,564.01,0.000084,4.49,96693.91,4508.34,0.15,500 Year
Mississippi,RockToIowa,472.56,Max WS,373991.8,528.71,563.62,,563.84,0.000068,4.16,105614.5,4811.47,0.14,500 Year
Mississippi,RockToIowa,472.01,Max WS,377237.4,530.88,563.48,,563.66,0.000062,3.78,123692.2,6469.2,0.13,500 Year
Mississippi,RockToIowa,471.57,Max WS,377178.4,531.71,563.33,,563.5,0.000064,3.82,126808.5,6453.45,0.13,500 Year
Mississippi,RockToIowa,471.06,Max WS,377189.3,530.81,563.18,,563.33,0.000054,3.55,132966.5,6836.94,0.12,500 Year
Mississippi,RockToIowa,470.6,Max WS,377129.9,531.54,563.02,,563.18,0.000066,3.73,125022.6,6496.17,0.13,500 Year
Mississippi,RockToIowa,470.09,Max WS,377104.9,528.34,562.87,,563.02,0.000058,3.63,134875.8,6976.26,0.12,500 Year
Mississippi,RockToIowa,469.61,Max WS,377080.4,528.06,562.73,,562.88,0.000057,3.7,140321.8,7350.34,0.12,500 Year
Mississippi,RockToIowa,469.07,Max WS,377013.6,528.27,562.57,,562.73,0.000056,3.8,138318.9,7405.15,0.12,500 Year
Mississippi,RockToIowa,468.56,Max WS,377023.5,527.73,562.45,,562.59,0.000047,3.36,140550.8,6732.94,0.11,500 Year
Mississippi,RockToIowa,468.08,Max WS,376968,527.02,562.31,,562.46,0.000056,3.63,136851.9,6549.08,0.12,500 Year
Mississippi,RockToIowa,467.63,Max WS,376978,526.21,562.17,,562.34,0.000057,3.89,133439,6385.46,0.13,500 Year
Mississippi,RockToIowa,467.08,Max WS,376943.8,527.03,562.06,,562.17,0.000051,3.37,157170.7,8614.41,0.12,500 Year
Mississippi,RockToIowa,466.59,Max WS,376911.3,526.08,561.95,,562.05,0.000048,3.43,158242.8,8082.64,0.11,500 Year
Mississippi,RockToIowa,466.02,Max WS,376881,528.82,561.81,,561.93,0.000045,3.34,155837.3,7765.96,0.11,500 Year
Mississippi,RockToIowa,465.52,Max WS,376846.8,524.77,561.71,,561.82,0.000044,3.18,158428.2,8381.43,0.11,500 Year
Mississippi,RockToIowa,465,Max WS,376826.9,525.78,561.59,,561.7,0.000042,3.3,159780.5,8174.85,0.11,500 Year
Mississippi,RockToIowa,464.57,Max WS,376844.9,527.75,561.5,,561.61,0.00004,3.12,159845.6,7957.64,0.1,500 Year
Mississippi,RockToIowa,464.05,Max WS,376817,529.92,561.38,,561.5,0.000042,3.12,151264.1,7905.15,0.11,500 Year
Mississippi,RockToIowa,463.59,Max WS,376787,524.91,561.21,,561.38,0.000054,3.42,137017.6,6965.55,0.12,500 Year
Mississippi,RockToIowa,463.06,Max WS,376777.1,523.9,561.02,,561.21,0.000074,3.97,133251.7,6859.43,0.13,500 Year
Mississippi,RockToIowa,462.57,Max WS,376718.1,518.27,560.85,,561.03,0.000065,3.65,127105.6,6147.18,0.12,500 Year
Mississippi,RockToIowa,462.06,Max WS,376756.4,518.53,560.69,,560.86,0.000063,3.48,125872.9,5928.06,0.12,500 Year
Mississippi,RockToIowa,461.56,Max WS,376707.3,522.65,560.58,,560.7,0.00005,3.22,141031.3,6392.39,0.11,500 Year
Mississippi,RockToIowa,461.03,Max WS,376680.3,528.74,560.43,,560.55,0.000058,3.13,137906.4,6635.94,0.11,500 Year
Mississippi,RockToIowa,460.51,Max WS,376648.3,527.44,560.27,,560.4,0.000062,3.15,138674.4,6945.09,0.11,500 Year
Mississippi,RockToIowa,459.98,Max WS,376657.9,526.19,560.14,,560.24,0.000053,3.24,157789.3,8903.25,0.11,500 Year
Mississippi,RockToIowa,459.52,Max WS,376623,522.32,560.03,,560.12,0.000048,2.81,171488.4,8593.79,0.1,500 Year
Mississippi,RockToIowa,458.98,Max WS,376590.7,521.88,559.87,,559.97,0.000051,2.82,155272.2,7745.21,0.1,500 Year
Mississippi,RockToIowa,458.52,Max WS,376567,512.41,559.75,,559.85,0.000052,2.88,151339.7,7421.19,0.1,500 Year
Mississippi,RockToIowa,457.94,Max WS,376565.8,527.6,559.57,,559.69,0.00005,3.04,139321,6299.19,0.1,500 Year
Mississippi,RockToIowa,457.59,Max WS,376546.4,516.58,559.44,,559.6,0.000058,3.68,126680.6,5695.57,0.11,500 Year
Mississippi,RockToIowa,457.22,Max WS,376528.9,510.66,559.25,529.85,559.49,0.000063,4.35,112053,5293.61,0.12,500 Year
Mississippi,RockToIowa,457.11,Max WS,376466.9,493.18,558.85,,559.07,0.000076,4.38,113184,5346.61,0.13,500 Year
Mississippi,RockToIowa,456.57,Max WS,375754,519.33,558.7,,558.88,0.000056,3.64,118773.1,4731.52,0.11,500 Year
Mississippi,RockToIowa,456.05,Max WS,372507.7,518.4,558.35,,558.7,0.000092,4.87,89654.75,3327.61,0.15,500 Year
Mississippi,RockToIowa,455.93,Max WS,371537,516.91,558.28,533.52,558.65,0.000097,5,86049.92,3349.51,0.15,500 Year
Mississippi,RockToIowa,455.88,Max WS,371506.6,517.03,558.22,,558.59,0.000096,5.02,89441.09,3438.58,0.15,500 Year
Mississippi,RockToIowa,455.59,Max WS,370756.2,514.47,557.98,,558.46,0.000113,5.82,76081.02,3068.23,0.17,500 Year
Mississippi,RockToIowa,455.04,Max WS,369964.7,515.79,557.89,,558.17,0.000075,4.46,90393.81,3062.27,0.13,500 Year
Mississippi,RockToIowa,454.68,Max WS,368090.1,518.93,557.88,,558.06,0.00005,3.54,109762,3530.28,0.11,500 Year
Mississippi,RockToIowa,454.16,Max WS,365871.8,512.64,557.78,,557.95,0.000054,3.84,113743.4,4279.42,0.11,500 Year
Mississippi,RockToIowa,453.89,Max WS,363963.3,515.38,557.71,,557.87,0.00005,3.72,116461.5,4469.69,0.11,500 Year
Mississippi,RockToIowa,453.54,Max WS,362299,516.5,557.58,,557.77,0.000061,3.88,107988.3,4112.55,0.12,500 Year
Mississippi,RockToIowa,453.15,Max WS,360595.7,509.96,557.33,,557.65,0.000085,4.94,88932.04,3416.03,0.14,500 Year
Mississippi,RockToIowa,452.88,Max WS,358620.9,514.47,557.14,,557.52,0.0001,5.22,78334.27,2971.05,0.15,500 Year
Mississippi,RockToIowa,452.38,Max WS,363032.7,513.61,556.93,,557.24,0.000084,4.44,87598.66,3319.82,0.14,500 Year
Mississippi,RockToIowa,451.93,Max WS,364169.7,518.65,556.8,,557.05,0.000086,4.5,100146,4606.42,0.14,500 Year
Mississippi,RockToIowa,451.45,Max WS,369930.4,516.12,556.62,,556.83,0.000072,4.33,113200,5066.23,0.13,500 Year
Mississippi,RockToIowa,451,Max WS,375664.3,514.6,556.42,,556.66,0.000076,4.5,109910.5,4852.38,0.13,500 Year
Mississippi,RockToIowa,450.48,Max WS,375655.7,513.48,556.18,,556.45,0.00009,4.69,105811.3,5188.71,0.14,500 Year
Mississippi,RockToIowa,449.98,Max WS,375609,512.09,555.99,,556.22,0.000082,4.47,114752.5,5359.69,0.14,500 Year
Mississippi,RockToIowa,449.4,Max WS,375564.5,513.98,555.75,,555.98,0.000081,4.71,119087.8,6063.95,0.14,500 Year
Mississippi,RockToIowa,448.97,Max WS,375580.1,518.69,555.58,,555.78,0.000076,4.31,118529.6,5433.96,0.13,500 Year
Mississippi,RockToIowa,448.5,Max WS,375572.3,518.03,555.37,,555.59,0.000079,4.41,109795.6,4841.58,0.13,500 Year
Mississippi,RockToIowa,447.97,Max WS,375549.4,520.87,555.08,,555.34,0.000095,4.47,94422.35,4624.55,0.15,500 Year
Mississippi,RockToIowa,447.18,Max WS,375501.8,514.1,554.8,,555,0.000075,3.9,113933.1,5090.3,0.13,500 Year
Mississippi,RockToIowa,447.02,Max WS,375471.1,513.32,554.63,,554.94,0.000103,5.15,101070.4,5148.45,0.15,500 Year
Mississippi,RockToIowa,446.47,Max WS,375429.6,517.61,554.43,,554.65,0.000085,4.29,120106.2,6290.32,0.14,500 Year
Mississippi,RockToIowa,446.05,Max WS,375453.8,513.79,554.32,,554.48,0.000068,3.74,145012,7673.85,0.12,500 Year
Mississippi,RockToIowa,445.35,Max WS,375411.3,514.11,554.12,,554.25,0.00006,3.64,173841.2,9400.38,0.12,500 Year
Mississippi,RockToIowa,445.05,Max WS,375410.1,513.45,554.05,,554.15,0.000049,3.28,183639.3,9845.67,0.1,500 Year
Mississippi,RockToIowa,444.37,Max WS,375391.5,518.24,553.9,,553.99,0.000039,2.85,185440.2,9457.11,0.09,500 Year
Mississippi,RockToIowa,443.98,Max WS,375339.2,515.08,553.81,,553.9,0.00004,2.99,180325.5,9396.94,0.09,500 Year
Mississippi,RockToIowa,443.56,Max WS,375368.6,513.94,553.7,,553.8,0.000049,3.13,168086.1,8750.71,0.1,500 Year
Mississippi,RockToIowa,443.04,Max WS,375322.5,517.84,553.54,,553.66,0.000062,3.44,151456.9,8378.41,0.12,500 Year
Mississippi,RockToIowa,442.45,Max WS,375304.7,512.61,553.34,,553.5,0.000067,4.17,148669.4,7860.03,0.12,500 Year
Mississippi,RockToIowa,442.05,Max WS,375167.7,506.36,553.2,,553.35,0.000068,4.09,147425.2,7906.84,0.13,500 Year
Mississippi,RockToIowa,441.5,Max WS,374545.9,512.18,553.04,,553.18,0.000062,3.68,151137.6,7734.45,0.12,500 Year
Mississippi,RockToIowa,440.99,Max WS,363344.4,510.2,552.88,,553.03,0.00007,3.81,138084,7523.43,0.12,500 Year
Mississippi,RockToIowa,440.36,Max WS,320739.7,512.57,552.67,,552.86,0.000058,3.68,105310,5183.05,0.11,500 Year
Mississippi,RockToIowa,439.97,Max WS,306174.4,508.7,552.55,,552.75,0.000058,3.82,94064.92,4317.35,0.12,500 Year
Mississippi,RockToIowa,439.51,Max WS,281356.1,506.27,552.5,,552.64,0.000045,3.24,102185.1,4978.91,0.1,500 Year
Mississippi,RockToIowa,439.06,Max WS,252605.7,514.22,552.47,,552.57,0.000032,2.85,120723.7,6204.93,0.09,500 Year
Mississippi,RockToIowa,438.45,Max WS,217940.2,513.1,552.42,,552.49,0.000025,2.38,128047.4,6376.55,0.07,500 Year
Mississippi,RockToIowa,438.06,Max WS,198604.6,515.22,552.4,,552.45,0.000019,2.06,130932.6,6231.58,0.07,500 Year
Mississippi,RockToIowa,437.52,Max WS,171693.4,508.02,552.37,,552.41,0.000014,1.84,118993.5,5723.97,0.06,500 Year
Mississippi,RockToIowa,437.18,Max WS,148184.9,504.88,552.35,518.11,552.39,0.000014,1.96,93368.16,4007.39,0.06,500 Year
Mississippi,RockToIowa,437.08,Max WS,148204.8,495.22,552.27,,552.32,0.000012,1.92,97264.31,4015.97,0.05,500 Year
Mississippi,RockToIowa,436.54,Max WS,148051,502.44,552.24,,552.28,0.000011,1.91,103173.1,4724,0.05,500 Year
Mississippi,RockToIowa,436.06,Max WS,178814.3,504.81,552.16,,552.24,0.000018,2.42,100932.9,4318.21,0.07,500 Year
Mississippi,RockToIowa,435.67,Max WS,213522.1,510.48,552.09,,552.17,0.000024,2.53,102861.5,4096.6,0.07,500 Year
Mississippi,RockToIowa,435.02,Max WS,303755.4,505.38,551.81,,551.98,0.00005,3.56,100517.2,4181.06,0.11,500 Year
Mississippi,RockToIowa,434.56,Max WS,315965.4,499.12,551.63,,551.87,0.000052,4.31,104799.5,4146.6,0.11,500 Year
Mississippi,RockToIowa,434.36,Max WS,315964.9,502.26,551.51,,551.8,0.000064,4.5,98404,4658.63,0.13,500 Year
Mississippi,IowaToDesM,434,Max WS,438840.7,503.93,551.51,,551.85,0.000093,5.08,120560.7,5339.28,0.15,500 Year
Mississippi,IowaToDesM,433.42,Max WS,427979.5,505.74,551.24,,551.58,0.00009,4.85,106544.1,4684.43,0.15,500 Year
Mississippi,IowaToDesM,433.03,Max WS,437826.3,511.17,550.87,,551.35,0.000139,5.64,91212.2,3891.44,0.18,500 Year
Mississippi,IowaToDesM,432.52,Max WS,437820.1,509.68,550.45,,550.97,0.000152,6.18,86737.89,3557.18,0.19,500 Year
Mississippi,IowaToDesM,432.02,Max WS,437805.1,510.77,549.99,,550.57,0.000167,6.53,85782.14,3986.95,0.2,500 Year
Mississippi,IowaToDesM,431.54,Max WS,437808.3,514.71,549.58,,550.07,0.000171,5.97,89509.67,4665.39,0.2,500 Year
Mississippi,IowaToDesM,431,Max WS,435792.8,512.78,549.01,,549.6,0.000188,6.68,78859.97,3395.63,0.21,500 Year
Mississippi,IowaToDesM,430.44,Max WS,371579.5,510.13,548.74,,549.24,0.000147,5.91,83626.54,4457.73,0.18,500 Year
Mississippi,IowaToDesM,429.95,Max WS,330174.8,507.72,548.59,,548.98,0.000105,5.23,87374.23,4779.18,0.16,500 Year
Mississippi,IowaToDesM,429.49,Max WS,300094.6,508.57,548.47,,548.78,0.000081,4.6,79778.7,4165.66,0.14,500 Year
Mississippi,IowaToDesM,428.98,Max WS,319972.3,510.49,548.34,,548.53,0.000071,3.9,113282.2,5896.09,0.13,500 Year
Mississippi,IowaToDesM,428.64,Max WS,347724.7,513.62,548.2,,548.38,0.000069,3.84,130804.8,6864.2,0.12,500 Year
Mississippi,IowaToDesM,427.95,Max WS,439788.1,512.89,547.8,528.99,548.03,0.000105,4.51,147593.1,7514.77,0.15,500 Year
Mississippi,IowaToDesM,427.93,Max WS,439782.3,508.07,547.69,,547.89,0.000087,4.15,149819.3,9045.45,0.14,500 Year
Mississippi,IowaToDesM,427.63,Max WS,438963.9,510.28,547.46,,547.72,0.000103,4.59,143530.2,7704.23,0.15,500 Year
Mississippi,IowaToDesM,427.01,Max WS,440595.5,513.21,547.16,,547.4,0.000102,4.58,139337,7066.03,0.15,500 Year
Mississippi,IowaToDesM,426.49,Max WS,440591.9,509.2,546.88,,547.12,0.000105,4.7,130860,6384.05,0.15,500 Year
Mississippi,IowaToDesM,426.02,Max WS,440595.1,511.04,546.64,,546.87,0.000092,4.17,119803.3,5305.54,0.14,500 Year
Mississippi,IowaToDesM,425.53,Max WS,440588.6,511.08,546.36,,546.64,0.000105,4.68,122724.5,5806.35,0.15,500 Year
Mississippi,IowaToDesM,425.02,Max WS,440584.4,507.61,546.17,,546.36,0.000088,3.99,142350.9,7518.39,0.14,500 Year
Mississippi,IowaToDesM,424.4,Max WS,440586.3,511.83,545.89,,546.08,0.000087,4.18,168184.9,9794.16,0.14,500 Year
Mississippi,IowaToDesM,423.98,Max WS,440558.1,509.55,545.75,,545.89,0.000073,3.7,188983.2,11060.04,0.13,500 Year
Mississippi,IowaToDesM,423.5,Max WS,440560.7,506.93,545.58,,545.7,0.000075,3.8,217542.8,13018.54,0.13,500 Year
Mississippi,IowaToDesM,423,Max WS,440552.6,508.72,545.37,,545.5,0.000073,3.81,208636,12184.83,0.13,500 Year
Mississippi,IowaToDesM,422.39,Max WS,440556.2,507.59,545.13,,545.27,0.000072,3.86,189730.6,11393.41,0.13,500 Year
Mississippi,IowaToDesM,421.98,Max WS,440437.8,508.74,545,,545.11,0.000058,3.39,192044.6,10406.78,0.11,500 Year
Mississippi,IowaToDesM,421.47,Max WS,440438.4,509.01,544.83,,544.95,0.000061,3.55,186287.6,10209.09,0.12,500 Year
Mississippi,IowaToDesM,421.01,Max WS,439971.2,507.87,544.66,,544.79,0.000072,3.82,182700.4,10061.66,0.13,500 Year
Mississippi,IowaToDesM,420.46,Max WS,438909,509.19,544.45,,544.58,0.00007,3.62,171725.9,9227.77,0.12,500 Year
Mississippi,IowaToDesM,419.99,Max WS,438307.1,511.72,544.29,,544.41,0.00007,3.56,169484.1,8930.49,0.12,500 Year
Mississippi,IowaToDesM,419.4,Max WS,437011.2,511.55,544.03,,544.19,0.000081,3.79,147198.3,7381.56,0.13,500 Year
Mississippi,IowaToDesM,418.97,Max WS,436360.5,507.45,543.84,,544.01,0.000081,3.71,147238.1,7123.69,0.13,500 Year
Mississippi,IowaToDesM,418.51,Max WS,435118.7,504.27,543.61,,543.81,0.000089,4.03,127630.9,6208.54,0.14,500 Year
Mississippi,IowaToDesM,417.98,Max WS,434606.2,496.17,543.22,,543.57,0.000113,5.45,107277,4770.3,0.16,500 Year
Mississippi,IowaToDesM,417.43,Max WS,434539.6,498.55,542.93,,543.23,0.000092,4.39,102116.5,3735.83,0.14,500 Year
Mississippi,IowaToDesM,416.97,Max WS,434365.8,500.94,542.68,,542.99,0.000099,4.45,98016.35,3868.16,0.15,500 Year
Mississippi,IowaToDesM,416.54,Max WS,434279.3,492.86,542.43,,542.75,0.000112,4.56,95666.43,4195.46,0.16,500 Year
Mississippi,IowaToDesM,415.99,Max WS,434274,498.38,542.06,,542.41,0.000127,4.79,91369.7,4216.83,0.17,500 Year
Mississippi,IowaToDesM,415.69,Max WS,434273.4,500.83,541.98,,542.23,0.000092,3.99,114689.1,5599.96,0.14,500 Year
Mississippi,IowaToDesM,415.08,Max WS,434253.3,505.67,541.83,,541.96,0.000065,2.97,159357.7,8734.78,0.11,500 Year
Mississippi,IowaToDesM,414.5,Max WS,365070.8,504.41,541.66,,541.79,0.00006,2.8,130577.1,7264.07,0.11,500 Year
Mississippi,IowaToDesM,414.08,Max WS,341745.5,503.8,541.55,,541.67,0.000054,2.75,124705.5,6948.28,0.1,500 Year
Mississippi,IowaToDesM,413.57,Max WS,313880.7,508.53,541.5,,541.58,0.000035,2.23,140950.7,7567.96,0.08,500 Year
Mississippi,IowaToDesM,412.99,Max WS,281381.4,505.1,541.44,,541.5,0.00003,1.94,145770.6,8066.88,0.08,500 Year
Mississippi,IowaToDesM,412.39,Max WS,283807.9,501.38,541.34,,541.41,0.000031,2.1,135438.4,7568.74,0.08,500 Year
Mississippi,IowaToDesM,411.91,Max WS,319905.4,500.01,541.2,,541.3,0.000042,2.56,125870.7,7935.51,0.1,500 Year
Mississippi,IowaToDesM,411.35,Max WS,339505,500.83,541,,541.15,0.000054,3.13,109199.2,6235.59,0.11,500 Year
Mississippi,IowaToDesM,410.95,Max WS,395568.1,499.49,540.77,,540.97,0.000072,3.68,112952.7,4683.43,0.12,500 Year
Mississippi,IowaToDesM,410.7,Max WS,410077.6,496.39,540.67,,540.87,0.000067,3.68,117465.9,4563.15,0.12,500 Year
Mississippi,IowaToDesM,410.46,Max WS,410082.6,489.7,540.62,511.17,540.79,0.000061,3.39,126823.9,5065.82,0.12,500 Year
Mississippi,IowaToDesM,410.39,Max WS,410077.6,470.67,540.09,,540.25,0.000041,3.44,161645.2,6534.83,0.1,500 Year
Mississippi,IowaToDesM,410.23,Max WS,410065.2,488.37,540.03,,540.22,0.000047,3.58,147686.4,6556.73,0.1,500 Year
Mississippi,IowaToDesM,409.96,Max WS,409977.7,499.09,539.83,,540.15,0.000088,4.63,111974.2,5107.19,0.14,500 Year
Mississippi,IowaToDesM,409.64,Max WS,409931.6,495.5,539.65,,539.98,0.000093,4.74,104094.4,4779.32,0.14,500 Year
Mississippi,IowaToDesM,409.27,Max WS,412644.8,501.63,539.56,,539.79,0.000088,4.43,114749.1,5380.84,0.14,500 Year
Mississippi,IowaToDesM,408.91,Max WS,412614.9,500.06,539.39,,539.63,0.000094,4.66,118922.8,6072.96,0.14,500 Year
Mississippi,IowaToDesM,408.49,Max WS,412593.2,499,539.14,,539.41,0.000111,5.09,120709.7,6457.89,0.16,500 Year
Mississippi,IowaToDesM,407.99,Max WS,412591.1,501.56,538.95,,539.14,0.000086,4.23,143924,7828.42,0.14,500 Year
Mississippi,IowaToDesM,407.51,Max WS,412449.9,502.54,538.79,,538.93,0.00007,3.89,166168.4,8871.03,0.12,500 Year
Mississippi,IowaToDesM,407.04,Max WS,412339,498.08,538.58,,538.75,0.00008,4.22,151075,8242.73,0.13,500 Year
Mississippi,IowaToDesM,406.44,Max WS,403566.1,499.67,538.36,,538.51,0.000067,3.73,164590.7,10724.04,0.12,500 Year
Mississippi,IowaToDesM,406.06,Max WS,403549,503.51,538.22,,538.36,0.000074,3.82,180662.8,11722.68,0.13,500 Year
Mississippi,IowaToDesM,405.52,Max WS,403441.9,500.72,538.02,,538.16,0.000065,3.63,158951.2,9187.96,0.12,500 Year
Mississippi,IowaToDesM,405.05,Max WS,403294.5,495.24,537.76,,537.98,0.000084,4.23,119274.5,5305.42,0.14,500 Year
Mississippi,IowaToDesM,404.36,Max WS,403100.1,485.58,537.25,,537.66,0.000105,5.14,80605.98,2571.57,0.15,500 Year
Mississippi,IowaToDesM,404.18,Max WS,403120,482.11,537.15,508.47,537.56,0.000098,5.16,79455.09,2409.43,0.15,500 Year
Mississippi,IowaToDesM,404.11,Max WS,403089.7,479.76,537.17,,537.54,0.000081,4.89,85007.3,2509.73,0.14,500 Year
Mississippi,IowaToDesM,403.9,Max WS,403172.9,488.92,537.04,,537.44,0.000105,5.05,82027.54,3007.26,0.15,500 Year
Mississippi,IowaToDesM,403.5,Max WS,404774.7,493.18,536.8,,537.2,0.000113,5.08,81008.89,3002.22,0.16,500 Year
Mississippi,IowaToDesM,403.18,Max WS,405739.6,490.05,536.61,509.05,537.02,0.000079,5.09,80039.45,2326.68,0.15,500 Year
Mississippi,IowaToDesM,403.12,Max WS,405739.6,485.76,536.57,,536.95,0.000087,4.93,82666.34,3352.8,0.14,500 Year
Mississippi,IowaToDesM,402.94,Max WS,405869.9,483.52,536.61,,536.88,0.000069,4.32,108716.8,4008.57,0.13,500 Year
Mississippi,IowaToDesM,402.5,Max WS,407288.1,501.55,536.52,,536.7,0.000064,3.6,128150.9,5397.51,0.12,500 Year
Mississippi,IowaToDesM,402.02,Max WS,409050.3,502.18,536.35,,536.52,0.000081,3.9,138976,6758.54,0.13,500 Year
Mississippi,IowaToDesM,401.48,Max WS,411644.7,500.37,536.15,,536.3,0.000076,3.91,160557.1,8387.58,0.13,500 Year
Mississippi,IowaToDesM,401.01,Max WS,416249,500.16,535.97,,536.09,0.000073,3.62,183771.8,10441.26,0.12,500 Year
Mississippi,IowaToDesM,400.52,Max WS,397644,502.47,535.82,,535.91,0.000059,3.44,200028.1,11921.91,0.11,500 Year
Mississippi,IowaToDesM,400.03,Max WS,412530.3,499.06,535.65,,535.76,0.000069,3.46,206258.9,13525.26,0.12,500 Year
Mississippi,IowaToDesM,399.48,Max WS,416188.3,504.12,535.49,,535.58,0.000067,3.4,232816,16502.15,0.12,500 Year
Mississippi,IowaToDesM,399.03,Max WS,416161.3,497.08,535.33,,535.41,0.000055,3.12,235164,16822.24,0.11,500 Year
Mississippi,IowaToDesM,398.51,Max WS,416081.6,498.49,535.16,,535.24,0.000056,3.34,263370.2,19999.43,0.11,500 Year
Mississippi,IowaToDesM,397.97,Max WS,411866.1,500.73,535.04,,535.08,0.000037,2.58,338182.4,25796.4,0.09,500 Year
Mississippi,IowaToDesM,397.5,Max WS,409091.2,495.44,534.89,,534.97,0.000061,3.35,236782.7,25243.91,0.11,500 Year
Mississippi,IowaToDesM,397.11,Max WS,416023.8,505.19,534.78,,534.85,0.000054,2.85,243120.9,25226.82,0.1,500 Year
Mississippi,IowaToDesM,396.57,Max WS,416000.8,494.76,534.63,,534.71,0.00006,3.08,223163.7,23168.21,0.11,500 Year
Mississippi,IowaToDesM,396,Max WS,415790.8,498.29,534.37,,534.5,0.000071,3.6,185324.9,12413.03,0.12,500 Year
Mississippi,IowaToDesM,395.51,Max WS,414788.3,483.73,534.14,,534.32,0.000092,4.5,159529.2,12235.52,0.14,500 Year
Mississippi,IowaToDesM,395.06,Max WS,412834.1,497.48,533.96,,534.11,0.000071,3.42,186300.1,11829.72,0.12,500 Year
Mississippi,IowaToDesM,394.74,Max WS,426968.1,500.35,533.83,,533.98,0.000073,3.47,172387.7,11263.42,0.12,500 Year
Mississippi,IowaToDesM,394.11,Max WS,424022.3,489.24,533.53,,533.73,0.000077,4.07,155541.6,10255.48,0.13,500 Year
Mississippi,IowaToDesM,393.57,Max WS,420611.6,488.3,533.25,,533.45,0.000101,4.22,135874.8,7647.72,0.14,500 Year
Mississippi,IowaToDesM,393.16,Max WS,416981,487.65,533.05,,533.21,0.000087,3.36,137411.2,7593.25,0.13,500 Year
Mississippi,IowaToDesM,392.77,Max WS,413979.8,490.99,532.88,,533.04,0.00008,3.36,141411,7584.01,0.12,500 Year
Mississippi,IowaToDesM,392.18,Max WS,410174.1,499.36,532.63,,532.8,0.000084,3.52,139334.5,8011,0.13,500 Year
Mississippi,IowaToDesM,391.64,Max WS,406799.2,493.12,532.45,,532.6,0.000074,3.26,147366.3,8041.12,0.12,500 Year
Mississippi,IowaToDesM,390.91,Max WS,404127.6,495.91,532.21,,532.36,0.000081,3.28,147184.5,8519.8,0.12,500 Year
Mississippi,IowaToDesM,390.36,Max WS,400996.6,485.07,531.99,,532.15,0.000077,3.23,125620.5,6278.7,0.12,500 Year
Mississippi,IowaToDesM,389.78,Max WS,396482.8,482.7,531.74,,531.94,0.000084,3.59,114080.9,6021.17,0.13,500 Year
Mississippi,IowaToDesM,389.4,Max WS,396191.2,495.65,531.56,,531.77,0.00009,3.69,109818.1,6301.98,0.13,500 Year
Mississippi,IowaToDesM,388.79,Max WS,395743.8,497.04,531.28,,531.49,0.000088,3.66,113196.6,5983.3,0.13,500 Year
Mississippi,IowaToDesM,388.03,Max WS,398936.3,487.42,530.9,,531.13,0.0001,3.98,116303.3,7872.9,0.14,500 Year
Mississippi,IowaToDesM,387.51,Max WS,403732.3,490.34,530.66,,530.87,0.000094,3.9,131863.7,8385.04,0.14,500 Year
Mississippi,IowaToDesM,386.91,Max WS,411028.9,495.59,530.36,,530.58,0.000091,3.93,139219.3,8812.25,0.14,500 Year
Mississippi,IowaToDesM,386.49,Max WS,418308.4,493.17,530.16,,530.37,0.000094,3.89,142557.5,9159.27,0.14,500 Year
Mississippi,IowaToDesM,385.96,Max WS,432228.1,492.35,529.9,,530.09,0.000094,3.77,148277.1,9883.71,0.14,500 Year
Mississippi,IowaToDesM,385.7,Max WS,432235.7,491.96,529.76,,529.98,0.0001,4.14,141653.3,10083.72,0.14,500 Year
Mississippi,IowaToDesM,385.02,Max WS,432201.1,486.38,529.32,,529.64,0.000103,4.97,122315,7577.05,0.15,500 Year
Mississippi,IowaToDesM,384.57,Max WS,432213.5,489.65,529.13,,529.38,0.000098,4.18,129927.8,8322.48,0.14,500 Year
Mississippi,IowaToDesM,383.99,Max WS,432211.5,483.98,528.84,505.57,529.11,0.00007,4.21,116393,8302.55,0.13,500 Year
Mississippi,IowaToDesM,383.88,Max WS,432195.4,476.12,528.8,,529.04,0.000047,3.96,122023.7,7695.63,0.12,500 Year
Mississippi,IowaToDesM,383.49,Max WS,432201.5,486.12,528.74,,528.94,0.00005,3.73,137161.5,7245.19,0.12,500 Year
Mississippi,IowaToDesM,382.99,Max WS,432198.3,496.52,528.58,,528.78,0.000068,3.6,128046,7052.3,0.14,500 Year
Mississippi,IowaToDesM,382.58,Max WS,432196.6,489.04,528.41,,528.62,0.000073,3.69,120232.5,7038.61,0.14,500 Year
Mississippi,IowaToDesM,381.98,Max WS,432192,492.08,528.19,,528.39,0.000078,3.6,125624.8,8118.91,0.15,500 Year
Mississippi,IowaToDesM,381.54,Max WS,432189.9,489.15,528.03,,528.21,0.000072,3.45,131497.4,8306.24,0.14,500 Year
Mississippi,IowaToDesM,381.02,Max WS,432186.9,487.77,527.87,,528.02,0.000066,3.08,144337.7,9255.95,0.13,500 Year
Mississippi,IowaToDesM,380.52,Max WS,432176.9,494.87,527.72,,527.84,0.000057,2.91,159454.3,10651.44,0.12,500 Year
Mississippi,IowaToDesM,380.01,Max WS,432178.8,498.88,527.55,,527.68,0.00006,2.97,159045.8,10912.77,0.13,500 Year
Mississippi,IowaToDesM,379.41,Max WS,432178.5,495.87,527.39,,527.5,0.000057,2.74,161368.4,11155.18,0.12,500 Year
Mississippi,IowaToDesM,378.98,Max WS,432178.9,491.54,527.26,,527.38,0.000057,2.73,160022.9,11079.73,0.12,500 Year
Mississippi,IowaToDesM,378.49,Max WS,432175.9,495.91,527.11,,527.24,0.000055,2.95,165658.3,12645.02,0.12,500 Year
Mississippi,IowaToDesM,377.98,Max WS,432177.7,488.88,526.99,,527.1,0.000052,2.65,172676.5,12913,0.12,500 Year
Mississippi,IowaToDesM,377.43,Max WS,432171.1,494.85,526.8,,526.94,0.000059,3.08,173269.6,15745.12,0.13,500 Year
Mississippi,IowaToDesM,377.03,Max WS,432171,489.07,526.69,,526.82,0.000054,3.03,177700.3,13201.34,0.12,500 Year
Mississippi,IowaToDesM,376.55,Max WS,432157.8,489.45,526.53,,526.66,0.000065,2.96,154063.9,10844.88,0.13,500 Year
Mississippi,IowaToDesM,376.09,Max WS,432157.2,484.87,526.32,,526.5,0.000074,3.37,128621.4,7455.1,0.14,500 Year
Mississippi,IowaToDesM,375.55,Max WS,432154.9,483.66,526.1,,526.29,0.00008,3.49,124020.4,7131.96,0.15,500 Year
Mississippi,IowaToDesM,375.07,Max WS,432144.6,493.66,525.82,,526.06,0.000075,3.94,112344.7,6189.61,0.15,500 Year
Mississippi,IowaToDesM,374.51,Max WS,432146.6,494.11,525.45,,525.79,0.000116,4.7,93702.76,4823.57,0.18,500 Year
Mississippi,IowaToDesM,374,Max WS,432145.6,491.73,525.01,,525.46,0.00014,5.46,87449.62,5220.93,0.2,500 Year
Mississippi,IowaToDesM,373.48,Max WS,432140,489.94,524.74,,525.11,0.000116,4.93,94059.85,5219.89,0.18,500 Year
Mississippi,IowaToDesM,373.13,Max WS,432134.4,492.04,524.58,,524.89,0.000106,4.43,97855.13,5165.59,0.17,500 Year
Mississippi,IowaToDesM,372.53,Max WS,432139.2,492.28,524.3,,524.58,0.000108,4.24,102634.8,5604.58,0.17,500 Year
Mississippi,IowaToDesM,371.98,Max WS,432130.6,491.87,523.97,,524.27,0.000112,4.39,98501.01,5135.1,0.18,500 Year
Mississippi,IowaToDesM,371.37,Max WS,432123.4,492.71,523.61,,523.92,0.000114,4.45,97193,5065.01,0.18,500 Year
Mississippi,IowaToDesM,370.94,Max WS,432121.5,494.08,523.31,,523.67,0.00012,4.75,90919.76,4406.15,0.18,500 Year
Mississippi,IowaToDesM,370.42,Max WS,432112.3,493.74,523.04,,523.35,0.000106,4.49,96382.32,4683.53,0.17,500 Year
Mississippi,IowaToDesM,369.99,Max WS,432107.8,494.97,522.8,,523.12,0.000106,4.51,96263.82,4902.73,0.17,500 Year
Mississippi,IowaToDesM,369.47,Max WS,432103.4,494.31,522.53,,522.83,0.000102,4.36,99147.91,5179.55,0.17,500 Year
Mississippi,IowaToDesM,368.96,Max WS,432106.9,495.44,522.24,,522.53,0.000115,4.37,99058.63,5773.06,0.18,500 Year
Mississippi,IowaToDesM,368.43,Max WS,432095.7,495.47,521.89,,522.19,0.000125,4.4,98404.26,5596.61,0.18,500 Year
Mississippi,IowaToDesM,367.99,Max WS,432092.8,493.81,521.58,,521.89,0.000127,4.49,96180.3,5320.25,0.19,500 Year
Mississippi,IowaToDesM,367.47,Max WS,432088.8,491.69,521.18,,521.52,0.000128,4.66,92679.01,4850.7,0.19,500 Year
Mississippi,IowaToDesM,367.07,Max WS,432085.4,492.06,520.91,,521.24,0.00013,4.62,93468.23,5035.86,0.19,500 Year
Mississippi,IowaToDesM,366.57,Max WS,432081.1,488.96,520.54,,520.86,0.000135,4.52,95575.82,5477.26,0.19,500 Year
Mississippi,IowaToDesM,366.06,Max WS,432077.7,483.43,520.07,,520.43,0.000162,4.82,89718.66,5373.17,0.21,500 Year
Mississippi,IowaToDesM,365.56,Max WS,377881.9,483.21,519.38,,519.77,0.000209,4.99,75747.06,5204.43,0.23,500 Year
Mississippi,IowaToDesM,365.13,Max WS,377814.5,480.64,518.88,,519.28,0.000236,5.07,74538.56,5452.66,0.24,500 Year
Mississippi,IowaToDesM,364.82,Max WS,377743.5,479.76,518.52,,518.84,0.000173,4.54,83150.37,5886.17,0.21,500 Year
Mississippi,IowaToDesM,364.74,Max WS,282292.7,489.74,518.3,503.78,518.51,0.000095,3.72,75939.97,6150.16,0.16,500 Year
Mississippi,IowaToDesM,364.71,Max WS,433069.5,474.74,506.02,,506.16,0.000049,3.14,154269.2,6451.47,0.1,500 Year
Mississippi,IowaToDesM,364.61,Max WS,433055.9,471.15,505.96,,506.12,0.000056,3.36,144192.5,6274.57,0.11,500 Year
Mississippi,IowaToDesM,364.47,Max WS,433032.5,463.46,505.72,,506.06,0.000098,4.85,109687.8,5297.99,0.15,500 Year
Mississippi,IowaToDesM,364.27,Max WS,433020.9,465.69,505.68,,506.02,0.000099,4.78,110382.5,5724.23,0.15,500 Year
Mississippi,IowaToDesM,364.06,Max WS,432996.6,467.97,505.51,484.03,505.94,0.000137,5.62,96944.88,5131.38,0.17,500 Year
Mississippi,IowaToDesM,364.02,Max WS,432996.6,467.97,505.41,,505.82,0.000127,5.45,99808.6,4922.6,0.17,500 Year
Mississippi,IowaToDesM,364,Max WS,432991.5,467.77,505.34,484.66,505.81,0.000153,5.81,95788.34,5152.08,0.18,500 Year
Mississippi,IowaToDesM,363.95,Max WS,433057.9,463.8,505.39,,505.75,0.000104,4.92,106371,5212.95,0.15,500 Year
Mississippi,IowaToDesM,363.77,Max WS,433036.1,461.73,505.27,,505.62,0.000102,4.92,113006.3,5309.21,0.15,500 Year
Mississippi,IowaToDesM,363.5,Max WS,433008.7,464.41,505.17,,505.49,0.000094,4.68,114341.9,5365.68,0.14,500 Year
Mississippi,IowaToDesM,363.1,Max WS,432975.4,467.4,504.96,,505.27,0.00009,4.63,120872.8,5564.87,0.14,500 Year
Mississippi,IowaToDesM,362.67,Max WS,432398.8,467.09,504.79,,505.06,0.000078,4.41,124642.2,5174.34,0.13,500 Year
Mississippi,IowaToDesM,362.16,Max WS,432397.9,466.3,504.71,,504.87,0.00005,3.5,141851.3,5504.69,0.11,500 Year
Mississippi,IowaToDesM,361.63,Max WS,432376.3,463.1,504.55,,504.74,0.000054,3.81,137782,5525.66,0.11,500 Year
Mississippi,IowaToDesM,361.46,Max WS,432356.3,464.58,504.47,,504.69,0.000076,4.13,129842.3,5371.85,0.12,500 Year
Mississippi,DesMToFox,361.29,Max WS,411795.6,456.55,504.47,,504.69,0.000069,4.2,125086.7,4884.72,0.12,500 Year
Mississippi,DesMToFox,361.03,Max WS,411795.4,457.95,504.36,,504.61,0.000068,4.34,114863,4549.88,0.13,500 Year
Mississippi,DesMToFox,360.59,Max WS,411782.7,458.67,504.05,,504.42,0.000094,5.13,99203.37,4005.37,0.15,500 Year
Mississippi,DesMToFox,360.17,Max WS,516852,455.58,503.31,,504.04,0.000173,7.21,95172.85,4050.05,0.2,500 Year
Mississippi,DesMToFox,359.6,Max WS,516833.2,450.13,503.04,,503.56,0.000118,6.01,107965.5,4492.39,0.17,500 Year
Mississippi,DesMToFox,359.2,Max WS,515131.5,450.96,502.74,,503.29,0.000118,5.93,88168.81,2401.13,0.17,500 Year
Mississippi,DesMToFox,359.06,Max WS,514205.2,452.37,502.67,,503.21,0.000121,5.9,91074.73,2692.34,0.17,500 Year
Mississippi,DesMToFox,358.46,Max WS,512023.8,460.06,502.46,,502.84,0.000109,5.12,122835.9,5402.34,0.16,500 Year
Mississippi,DesMToFox,357.98,Max WS,496823.6,458.22,502.23,,502.6,0.000105,5.32,126381,5717.42,0.16,500 Year
Mississippi,DesMToFox,357.7,Max WS,487613.4,459.36,502.07,,502.45,0.000104,5.4,128831.8,5777.89,0.16,500 Year
Mississippi,DesMToFox,357.41,Max WS,477333.7,459.39,501.97,,502.29,0.00009,4.95,133420.5,5994.74,0.14,500 Year
Mississippi,DesMToFox,356.96,Max WS,463375.8,462.95,501.83,,502.09,0.000079,4.37,138539.1,6258.88,0.13,500 Year
Mississippi,DesMToFox,356.35,Max WS,448066.5,458,501.61,,501.86,0.000073,4.49,130025.8,5523.21,0.13,500 Year
Mississippi,DesMToFox,355.98,Max WS,437682.4,456.76,501.43,,501.71,0.000082,4.76,116004.6,4759.95,0.14,500 Year
Mississippi,DesMToFox,355.38,Max WS,434301.6,464.74,501.25,,501.47,0.000069,3.97,121053.3,4617.84,0.12,500 Year
Mississippi,DesMToFox,355.03,Max WS,438202.5,454.61,501.1,,501.33,0.000073,3.95,120712.3,4563.66,0.13,500 Year
Mississippi,DesMToFox,354.49,Max WS,442827.3,457.34,500.87,,501.12,0.000073,4.22,114908.7,4048.57,0.13,500 Year
Mississippi,DesMToFox,354.11,Max WS,448537.3,454.89,500.69,,500.96,0.000085,4.43,113753.2,4253.32,0.14,500 Year
Mississippi,DesMToFox,353.71,Max WS,450733.6,455.62,500.46,,500.77,0.000106,4.95,112989.1,4694.68,0.15,500 Year
Mississippi,DesMToFox,353.57,Max WS,449614.3,457.02,500.39,,500.69,0.000111,4.89,115956.4,4844.17,0.15,500 Year
Mississippi,FoxToBear,353.5,Max WS,487334,456.71,500.39,,500.74,0.000118,5.34,116705.8,4903.78,0.16,500 Year
Mississippi,FoxToBear,353.04,Max WS,480814.1,459.72,500.21,,500.48,0.000097,4.52,127827.7,5524.91,0.14,500 Year
Mississippi,FoxToBear,352.51,Max WS,474625.5,460.51,500,,500.23,0.000087,4.21,135392.7,5766.3,0.13,500 Year
Mississippi,FoxToBear,351.91,Max WS,464982.1,452.86,499.65,,499.93,0.000107,4.56,113634.8,4438.55,0.15,500 Year
Mississippi,FoxToBear,351.43,Max WS,455162.9,459.84,499.39,,499.68,0.000097,4.37,110217.2,3960.52,0.14,500 Year
Mississippi,FoxToBear,351,Max WS,448952.9,454.9,499.16,,499.49,0.000102,4.9,109142.3,4179.69,0.14,500 Year
Mississippi,FoxToBear,350.49,Max WS,439832.5,455.7,498.94,,499.23,0.000095,4.69,120925.2,5040.56,0.14,500 Year
Mississippi,FoxToBear,350.02,Max WS,431454,451.73,498.66,,499,0.000104,5.16,117251,5050.51,0.15,500 Year
Mississippi,FoxToBear,349.46,Max WS,421981.6,459.91,498.53,,498.71,0.000065,3.76,137497.4,5642.15,0.11,500 Year
Mississippi,FoxToBear,349.09,Max WS,414426,463.48,498.42,,498.59,0.000066,3.52,131053.3,5267.55,0.11,500 Year
Mississippi,FoxToBear,348.43,Max WS,412663,454.06,498.2,,498.37,0.000076,3.63,132617.9,5673.32,0.12,500 Year
Mississippi,FoxToBear,348.02,Max WS,419522.8,449.67,498,,498.19,0.000076,4.03,131644,5481.14,0.12,500 Year
Mississippi,FoxToBear,347.76,Max WS,422967.7,441,497.88,,498.09,0.000076,4.28,125588.7,5039.56,0.13,500 Year
Mississippi,FoxToBear,347.53,Max WS,435193.9,449.46,497.79,,498,0.000078,4.32,137590.9,7711.54,0.13,500 Year
Mississippi,FoxToBear,347.02,Max WS,426425.8,452.13,497.59,,497.8,0.000075,3.88,136422,7060.33,0.12,500 Year
Mississippi,FoxToBear,346.41,Max WS,415862.3,446.63,497.42,,497.58,0.000061,3.74,146382.6,7728.81,0.11,500 Year
Mississippi,FoxToBear,346.01,Max WS,406808.2,451.32,497.29,,497.45,0.000058,3.83,153646.9,8293.13,0.11,500 Year
Mississippi,FoxToBear,345.64,Max WS,395137.1,458,497.21,,497.33,0.000048,3.1,159452.5,8739.86,0.1,500 Year
Mississippi,FoxToBear,345.08,Max WS,380761.7,446.52,496.99,,497.18,0.000068,3.93,124931.5,7357.01,0.12,500 Year
Mississippi,FoxToBear,344.6,Max WS,369356,445.73,496.84,,497.02,0.000059,3.44,120779.1,6862.87,0.11,500 Year
Mississippi,FoxToBear,344.36,Max WS,362002.9,444.93,496.82,,496.95,0.00004,2.96,139161,7231.12,0.09,500 Year
Mississippi,FoxToBear,344.1,Max WS,353715,447.91,496.76,,496.9,0.00004,3.04,135413.8,7255.44,0.09,500 Year
Mississippi,FoxToBear,343.73,Max WS,342576.3,450.56,496.7,,496.84,0.000038,3.04,127129.2,6346.19,0.09,500 Year
Mississippi,FoxToBear,343.32,Max WS,334557.6,442.07,496.61,464.63,496.78,0.000043,3.38,117989.7,7534.4,0.1,500 Year
Mississippi,FoxToBear,343.19,Max WS,334513.7,440.63,496.38,,496.55,0.000055,3.35,116332.4,7277.28,0.09,500 Year
Mississippi,FoxToBear,343.01,Max WS,337675.9,446.4,496.3,,496.51,0.000069,3.74,108048.6,7202.52,0.1,500 Year
Mississippi,FoxToBear,342.61,Max WS,351176.8,451.17,496.1,,496.34,0.000086,3.96,93567.56,2834.16,0.11,500 Year
Mississippi,FoxToBear,342.31,Max WS,362380.5,451.12,495.92,,496.17,0.000102,4.04,92250.43,2831.98,0.12,500 Year
Mississippi,FoxToBear,341.88,Max WS,384789.7,451.81,495.78,,495.95,0.000082,3.61,127285,4899.34,0.11,500 Year
Mississippi,FoxToBear,341.54,Max WS,406329.9,449.99,495.6,,495.77,0.000084,3.69,145130.5,6145.07,0.11,500 Year
Mississippi,FoxToBear,341.39,Max WS,406672.2,450.94,495.57,,495.7,0.000073,3.41,184836.9,8908.3,0.1,500 Year
Mississippi,FoxToBear,341.14,Max WS,408189.2,446.52,495.5,,495.62,0.00005,3.55,205754.5,11081.37,0.1,500 Year
Mississippi,BearToWyaconda,341.03,Max WS,500627.5,443.39,495.5,,495.63,0.000082,3.73,252947.2,14106.9,0.11,500 Year
Mississippi,BearToWyaconda,340.53,Max WS,486682.7,447.03,495.28,,495.42,0.000079,3.91,261615.8,13966.78,0.11,500 Year
Mississippi,BearToWyaconda,339.91,Max WS,471075.5,452.07,495.09,,495.17,0.000058,2.93,257353,12648.57,0.09,500 Year
Mississippi,BearToWyaconda,339.46,Max WS,462063.6,455.12,494.96,,495.04,0.000058,2.82,258769.4,12088.5,0.09,500 Year
Mississippi,BearToWyaconda,339,Max WS,460951.1,455.24,494.82,,494.9,0.00006,2.96,235919,11189.27,0.09,500 Year
Mississippi,BearToWyaconda,338.43,Max WS,459520.3,452.38,494.55,,494.7,0.000091,3.78,178737.8,8403.98,0.11,500 Year
Mississippi,BearToWyaconda,337.91,Max WS,456003.3,452.12,494.32,,494.47,0.000087,3.83,194175.5,9014.65,0.11,500 Year
Mississippi,BearToWyaconda,337.5,Max WS,453697.1,450.62,494.15,,494.27,0.000077,3.49,211292,10056.6,0.1,500 Year
Mississippi,BearToWyaconda,337.4,Max WS,455815.8,455.23,494.1,,494.21,0.000051,3.27,213602.9,10162.54,0.1,500 Year
Mississippi,WyacondaToFabius,337.15,Max WS,458815.7,454.74,494.1,,494.22,0.000056,3.44,208656.4,9802.6,0.11,500 Year
Mississippi,WyacondaToFabius,336.98,Max WS,464419.1,453.89,494.04,,494.16,0.000076,3.44,213209.6,9829.75,0.1,500 Year
Mississippi,WyacondaToFabius,336.38,Max WS,484074.5,452.71,493.83,,493.92,0.000073,3.32,232693.4,11208.56,0.1,500 Year
Mississippi,WyacondaToFabius,335.98,Max WS,496587.2,453.27,493.67,,493.76,0.000071,3.32,254514.1,12771.73,0.1,500 Year
Mississippi,WyacondaToFabius,335.49,Max WS,503279.4,452.25,493.5,,493.59,0.000064,3.44,273660.1,14047.82,0.1,500 Year
Mississippi,WyacondaToFabius,334.99,Max WS,497129.3,446.74,493.38,,493.45,0.000051,3.06,303422.4,15336.06,0.09,500 Year
Mississippi,WyacondaToFabius,334.58,Max WS,479907.3,451.63,493.24,,493.33,0.000055,3.14,258886.2,11757.73,0.1,500 Year
Mississippi,WyacondaToFabius,333.98,Max WS,447595.8,451.54,493.07,,493.17,0.000056,3.36,219962.8,9613.88,0.1,500 Year
Mississippi,WyacondaToFabius,333.57,Max WS,421111.8,449.87,492.96,,493.06,0.00005,3.18,199696.9,8325.46,0.09,500 Year
Mississippi,WyacondaToFabius,332.94,Max WS,403076.1,453.09,492.81,,492.9,0.000047,2.9,185316.4,7496.35,0.09,500 Year
Mississippi,WyacondaToFabius,332.46,Max WS,400921.8,452.18,492.7,,492.78,0.000046,2.92,177873.2,6977.56,0.09,500 Year
Mississippi,WyacondaToFabius,331.94,Max WS,399918.4,453.61,492.54,,492.65,0.000056,3.08,156315.7,6072.9,0.1,500 Year
Mississippi,WyacondaToFabius,331.42,Max WS,404596.1,450.46,492.4,,492.5,0.000053,3.03,162983.7,6286.07,0.09,500 Year
Mississippi,WyacondaToFabius,330.91,Max WS,420471.2,445.61,492.25,,492.37,0.000042,2.93,187652.4,7041.99,0.08,500 Year
Mississippi,WyacondaToFabius,330.51,Max WS,444070.8,442.83,492.1,,492.26,0.000064,3.53,192850.3,8075.22,0.1,500 Year
Mississippi,WyacondaToFabius,329.96,Max WS,467847.4,440.51,491.91,,492.07,0.000068,3.77,210646.8,9064.64,0.11,500 Year
Mississippi,WyacondaToFabius,329.51,Max WS,493926.3,438.69,491.82,,491.91,0.000048,3.06,273269.1,11955.22,0.09,500 Year
Mississippi,WyacondaToFabius,328.96,Max WS,506744.6,446.59,491.72,,491.79,0.000037,2.57,285396.3,12381.9,0.08,500 Year
Mississippi,WyacondaToFabius,328.45,Max WS,498520.4,444.64,491.56,,491.68,0.000056,3.19,216293.6,9824.96,0.1,500 Year
Mississippi,WyacondaToFabius,328.02,Max WS,491358.6,438.65,491.29,458.75,491.57,0.000079,4.47,130739.5,7729.64,0.12,500 Year
Mississippi,WyacondaToFabius,327.95,Max WS,491358.6,438.51,491.21,,491.5,0.000079,4.52,126328.5,6842.67,0.12,500 Year
Mississippi,WyacondaToFabius,327.53,Max WS,491011.4,441.12,491.09,,491.32,0.000079,4.09,137309.4,4738.66,0.12,500 Year
Mississippi,WyacondaToFabius,327.15,Max WS,490980.6,439.4,490.93,462.61,491.16,0.000078,3.9,128880.5,4370.96,0.12,500 Year
Mississippi,WyacondaToFabius,327.11,Max WS,490942.8,442.39,490.86,,491.12,0.000086,4.07,123826.2,4473.46,0.12,500 Year
Mississippi,WyacondaToFabius,327.07,Max WS,490936.7,440.91,490.82,,491.1,0.000088,4.18,118913,4166.4,0.12,500 Year
Mississippi,WyacondaToFabius,326.98,Max WS,490942.2,441.19,490.76,462.26,491.06,0.000076,4.36,115658.4,3798.8,0.13,500 Year
Mississippi,WyacondaToFabius,326.95,Max WS,490942.2,440.65,490.7,,491,0.000078,4.41,113728.5,3637.42,0.13,500 Year
Mississippi,WyacondaToFabius,326.87,Max WS,490949.9,431.81,490.63,,490.96,0.000088,4.65,116828.5,3792.74,0.14,500 Year
Mississippi,WyacondaToFabius,326.53,Max WS,490887,436.18,490.43,,490.8,0.000096,4.98,120597.6,4592.86,0.14,500 Year
Mississippi,WyacondaToFabius,326.01,Max WS,490873.5,447.03,490.36,,490.59,0.000064,4.07,148121.3,5529.7,0.12,500 Year
Mississippi,WyacondaToFabius,325.43,Max WS,490872.5,440.84,490.16,,490.38,0.000062,3.9,141474,4685.44,0.11,500 Year
Mississippi,WyacondaToFabius,325.03,Max WS,490702.7,437.13,489.81,461.39,490.2,0.00011,5.08,107965.9,3634.58,0.15,500 Year
Mississippi,WyacondaToFabius,324.81,Max WS,490593.7,423.57,489.08,,489.4,0.00008,4.61,120421.2,3415.46,0.12,500 Year
Mississippi,WyacondaToFabius,324.41,Max WS,490967.3,437.42,488.86,,489.23,0.000109,5.04,123734.6,4150.65,0.13,500 Year
Mississippi,WyacondaToFabius,323.99,Max WS,494729.9,442.09,488.76,,489,0.000085,4.25,149992.2,5411.99,0.12,500 Year
Mississippi,WyacondaToFabius,323.46,Max WS,499391.6,440.3,488.5,,488.76,0.000101,4.7,185651.1,8539.22,0.13,500 Year
Mississippi,WyacondaToFabius,323.08,Max WS,492310.3,434.4,488.34,,488.59,0.000089,4.6,196898,8619.67,0.12,500 Year
Mississippi,WyacondaToFabius,322.79,Max WS,482088.8,435.79,488.25,,488.46,0.000062,4.26,183883.5,7614.46,0.12,500 Year
Mississippi,FabiusToNorth,322.62,Max WS,478571.2,437.87,488.25,,488.48,0.000091,4.45,189494.6,8019.73,0.12,500 Year
Mississippi,FabiusToNorth,322.14,Max WS,467463.7,434.57,488.08,,488.25,0.000073,3.8,196859.9,8220.77,0.11,500 Year
Mississippi,FabiusToNorth,321.75,Max WS,470337,435.22,487.84,,488.11,0.000113,4.76,165164.8,7033.69,0.13,500 Year
Mississippi,FabiusToNorth,321.44,Max WS,479161.5,430.01,487.69,,487.92,0.000089,4.27,157408.2,6018.63,0.12,500 Year
Mississippi,FabiusToNorth,321.22,Max WS,479098,436.63,487.58,,487.82,0.000066,4.31,137761.4,4809.44,0.12,500 Year
Mississippi,NorthToSalt,321.13,Max WS,535879,439.07,487.58,,487.91,0.000119,4.82,132785.4,4541.25,0.14,500 Year
Mississippi,NorthToSalt,320.62,Max WS,535710,440.19,487.35,,487.59,0.000095,4.1,146940.3,4836.09,0.12,500 Year
Mississippi,NorthToSalt,320.22,Max WS,535696.9,442.81,487.09,,487.35,0.000123,4.5,133587.1,4712.6,0.14,500 Year
Mississippi,NorthToSalt,319.73,Max WS,535637.2,439.51,486.81,,487.07,0.000127,4.73,144223.8,5399.7,0.14,500 Year
Mississippi,NorthToSalt,319.15,Max WS,535606,433.1,486.34,,486.67,0.000143,5.4,132887.3,4740.62,0.15,500 Year
Mississippi,NorthToSalt,318.68,Max WS,535575.3,438.58,486.04,,486.3,0.000116,4.71,135485.4,4614.49,0.14,500 Year
Mississippi,NorthToSalt,318.12,Max WS,532872.8,429.09,485.51,,485.98,0.000146,5.78,115608,3878.55,0.16,500 Year
Mississippi,NorthToSalt,317.66,Max WS,526902.4,429.82,485.2,,485.63,0.000145,5.63,137914.5,7596.95,0.15,500 Year
Mississippi,NorthToSalt,317.1,Max WS,518759.9,431.66,484.92,,485.2,0.000116,4.74,170003.1,10921.85,0.14,500 Year
Mississippi,NorthToSalt,316.78,Max WS,514617.2,434.83,484.77,,485.02,0.000092,4.33,185368.8,10814.57,0.12,500 Year
Mississippi,NorthToSalt,316.22,Max WS,507217.7,442.28,484.58,,484.76,0.000079,3.85,210642.9,11859.27,0.11,500 Year
Mississippi,NorthToSalt,315.68,Max WS,500703.5,438.96,484.31,,484.52,0.000094,4.15,203740.6,12280.35,0.12,500 Year
Mississippi,NorthToSalt,315.22,Max WS,495416.1,433.88,484.1,,484.31,0.000086,4.3,190754.6,8234.92,0.12,500 Year
Mississippi,NorthToSalt,314.63,Max WS,484358,436.69,483.81,,484.05,0.000097,4.4,162957.1,6419.19,0.12,500 Year
Mississippi,NorthToSalt,314.12,Max WS,474815.6,438.11,483.57,,483.77,0.000089,3.8,158021.8,5908.85,0.12,500 Year
Mississippi,NorthToSalt,313.58,Max WS,461987,436.22,483.33,,483.53,0.000086,3.98,153640.1,5749.96,0.12,500 Year
Mississippi,NorthToSalt,313.1,Max WS,448623.3,434.25,483.16,,483.32,0.000074,3.55,159646.8,6079.37,0.11,500 Year
Mississippi,NorthToSalt,312.79,Max WS,443190.9,435.44,483,,483.2,0.000087,3.94,150559.8,5855.67,0.12,500 Year
Mississippi,NorthToSalt,312.04,Max WS,452127.7,433.62,482.64,,482.84,0.000087,4.05,145076.9,5588.85,0.12,500 Year
Mississippi,NorthToSalt,311.38,Max WS,471814.3,433.84,482.42,,482.57,0.000067,3.69,173724.9,6680.2,0.1,500 Year
Mississippi,NorthToSalt,311,Max WS,500198.8,436.7,482.19,,482.39,0.000083,3.99,166879.2,7235.43,0.11,500 Year
Mississippi,NorthToSalt,310.55,Max WS,499110.9,421.51,481.76,,482.15,0.000112,5.19,117273.4,3710.31,0.14,500 Year
Mississippi,NorthToSalt,309.96,Max WS,497217.7,420.24,481.17,,481.82,0.000162,6.5,79044.74,2323.58,0.17,500 Year
Mississippi,NorthToSalt,309.87,Max WS,496257.4,426.79,480.91,451.95,481.73,0.000229,7.26,69998.41,2309.69,0.2,500 Year
Mississippi,NorthToSalt,309.84,Max WS,496271.4,415.51,480.93,,481.64,0.000184,6.78,74364.46,2400.22,0.18,500 Year
Mississippi,NorthToSalt,309.68,Max WS,496244.3,419.25,480.89,,481.5,0.00017,6.35,84241.69,3008.69,0.17,500 Year
Mississippi,NorthToSalt,309.49,Max WS,496270.9,429.59,480.84,452.8,481.35,0.000169,5.98,104786.2,3796.98,0.17,500 Year
Mississippi,NorthToSalt,309.43,Max WS,496257.4,425.25,480.83,,481.29,0.000144,5.69,114779.5,4087.55,0.15,500 Year
Mississippi,NorthToSalt,309.14,Max WS,496103.3,432.54,480.61,,481.05,0.000143,5.52,104141.1,4602.07,0.15,500 Year
Mississippi,NorthToSalt,309.12,Max WS,495891.8,434.13,480.51,,481.04,0.00018,5.98,92689.67,3873.45,0.17,500 Year
Mississippi,NorthToSalt,309.1,Max WS,495687.6,435.91,480.53,,481.01,0.000171,5.74,101194.1,4674.34,0.16,500 Year
Mississippi,NorthToSalt,308.94,Max WS,495569.7,434.52,480.48,,480.86,0.000143,5.05,116202.8,5096.39,0.15,500 Year
Mississippi,NorthToSalt,308.46,Max WS,495177.5,431.12,480.25,,480.56,0.000087,4.94,140247.6,5923.55,0.14,500 Year
Mississippi,NorthToSalt,307.92,Max WS,493368.5,430.94,480.02,,480.31,0.000084,4.93,126890.9,4773.34,0.14,500 Year
Mississippi,NorthToSalt,307.39,Max WS,492665.5,440.9,479.82,,480.08,0.000075,4.31,123989.2,4227.43,0.13,500 Year
Mississippi,NorthToSalt,306.92,Max WS,492094.8,437.41,479.6,,479.88,0.000077,4.32,116797.8,3750.02,0.13,500 Year
Mississippi,NorthToSalt,306.45,Max WS,491899.5,435.57,479.39,,479.68,0.000084,4.41,117255.1,3927.83,0.14,500 Year
Mississippi,NorthToSalt,306,Max WS,491583.4,432.2,479.23,,479.5,0.000076,4.24,127544.8,4606.12,0.13,500 Year
Mississippi,NorthToSalt,305.37,Max WS,490156.1,433.64,479.07,,479.26,0.000061,3.57,153350.6,6173.96,0.12,500 Year
Mississippi,NorthToSalt,305.01,Max WS,488760.7,424.99,478.86,,479.14,0.000077,4.24,119530.7,4340.75,0.13,500 Year
Mississippi,NorthToSalt,304.5,Max WS,487169.6,433.58,478.63,,478.92,0.000082,4.36,117894.6,3978.71,0.13,500 Year
Mississippi,NorthToSalt,304,Max WS,480516.5,420.89,478.47,,478.73,0.000066,4.2,119754.9,3584.09,0.12,500 Year
Mississippi,NorthToSalt,303.54,Max WS,477217.8,431.66,478.29,,478.56,0.000075,4.2,116086.9,3672.06,0.13,500 Year
Mississippi,NorthToSalt,303.04,Max WS,469813.6,429.55,478.12,,478.38,0.000076,4.08,120849.1,5240.06,0.13,500 Year
Mississippi,NorthToSalt,302.44,Max WS,463411.5,436.27,478,,478.19,0.000052,3.59,143999.1,4964.8,0.11,500 Year
Mississippi,NorthToSalt,301.98,Max WS,455953.9,428.33,477.88,,478.07,0.000054,3.68,157082.8,6351.71,0.11,500 Year
Mississippi,NorthToSalt,301.6,Max WS,448449.4,428.66,477.75,,477.96,0.000056,3.75,121557.4,3697.14,0.11,500 Year
Mississippi,NorthToSalt,301.25,Max WS,444873,428.24,477.61,447.8,477.86,0.000066,4.05,111772.1,3640.76,0.12,500 Year
Mississippi,NorthToSalt,301.1,Max WS,444753.2,432.36,477.11,,477.37,0.000088,4.08,112852.6,3723.48,0.12,500 Year
Mississippi,NorthToSalt,300.7,Max WS,444523.5,424.17,477.07,,477.32,0.000071,4.21,129719.9,4165.39,0.11,500 Year
Mississippi,NorthToSalt,300.63,Max WS,444382.6,425.59,476.9,,477.18,0.000086,4.49,133720.3,4823.23,0.12,500 Year
Mississippi,NorthToSalt,300.04,Max WS,431061.7,428.06,476.64,,476.91,0.000091,4.4,130189.5,6143.63,0.13,500 Year
Mississippi,NorthToSalt,299.45,Max WS,419780.3,431.13,476.39,,476.64,0.00009,4.39,126789.6,4701.01,0.13,500 Year
Mississippi,NorthToSalt,298.86,Max WS,424139.5,430.96,476.05,,476.34,0.0001,4.9,106130.4,3206.42,0.13,500 Year
Mississippi,NorthToSalt,298.17,Max WS,439757.6,433.34,475.83,,476.04,0.000079,3.95,134154.6,4584.45,0.12,500 Year
Mississippi,NorthToSalt,297.81,Max WS,451024.1,428.24,475.62,,475.87,0.000102,4.7,137703.6,5373.75,0.13,500 Year
Mississippi,NorthToSalt,297.3,Max WS,467905.5,423.05,475.37,,475.61,0.000093,4.68,158359.1,6448.72,0.13,500 Year
Mississippi,NorthToSalt,296.8,Max WS,494300.8,425.3,475.09,,475.35,0.000105,4.86,171076.5,7291.64,0.14,500 Year
Mississippi,NorthToSalt,296.15,Max WS,503204.8,421.68,474.7,,475.01,0.000121,5.43,177891.6,7723.08,0.15,500 Year
Mississippi,NorthToSalt,295.6,Max WS,503163.4,419.31,474.36,,474.67,0.000121,5.44,178095.1,8226.27,0.15,500 Year
Mississippi,NorthToSalt,294.97,Max WS,500261.8,430.02,474.02,,474.28,0.0001,4.81,165353.5,6641.92,0.13,500 Year
Mississippi,NorthToSalt,294.55,Max WS,495875.4,424.06,473.83,,474.04,0.000095,4.17,165712.4,6665.6,0.13,500 Year
Mississippi,NorthToSalt,293.86,Max WS,488991.3,420.22,473.46,,473.73,0.000103,4.62,177465.9,7635.15,0.13,500 Year
Mississippi,NorthToSalt,293.37,Max WS,483533.9,416.86,473.2,,473.47,0.000106,4.88,183657,8118.34,0.14,500 Year
Mississippi,NorthToSalt,293.01,Max WS,480108.5,419.66,472.95,,473.28,0.000116,5.16,153318.4,6300.18,0.14,500 Year
Mississippi,NorthToSalt,292.57,Max WS,477846.1,419.62,472.83,,473.06,0.000086,4.41,174086.2,7143.64,0.12,500 Year
Mississippi,NorthToSalt,292.09,Max WS,472145.4,427.5,472.64,,472.84,0.000086,4.35,194161,8236.8,0.12,500 Year
Mississippi,NorthToSalt,291.56,Max WS,463692.6,420.3,472.4,,472.58,0.000082,4.35,192596.9,8332.92,0.12,500 Year
Mississippi,NorthToSalt,291,Max WS,468577.5,426.71,472.09,,472.29,0.000093,4.03,157902.4,6097.02,0.12,500 Year
Mississippi,NorthToSalt,290.6,Max WS,478338,428.72,471.9,,472.11,0.000076,3.85,148619.4,5202.32,0.11,500 Year
Mississippi,NorthToSalt,290.2,Max WS,488954,429.49,471.69,,471.93,0.000094,4.27,147443.2,5352.93,0.13,500 Year
Mississippi,NorthToSalt,289.49,Max WS,507509,422.63,471.42,,471.61,0.000086,3.85,158690.8,5829.07,0.12,500 Year
Mississippi,NorthToSalt,288.87,Max WS,514462,424.53,471.08,,471.29,0.000115,4.76,181240,7886.69,0.14,500 Year
Mississippi,NorthToSalt,288.47,Max WS,503200.7,416.41,470.72,,470.99,0.000137,5.38,155798,6732.94,0.15,500 Year
Mississippi,NorthToSalt,287.89,Max WS,491453.8,418.27,470.25,,470.55,0.000146,5.66,150968.2,6606.25,0.16,500 Year
Mississippi,NorthToSalt,287.31,Max WS,486210,427.59,469.79,,470.09,0.000141,5.47,135821,5559.1,0.16,500 Year
Mississippi,NorthToSalt,286.72,Max WS,482049,426.64,469.36,,469.66,0.000133,4.99,119012.5,4167.58,0.15,500 Year
Mississippi,NorthToSalt,286.17,Max WS,479635.1,421.34,468.92,,469.26,0.000122,4.73,115486.1,3884.39,0.14,500 Year
Mississippi,NorthToSalt,285.59,Max WS,478295.8,414.87,468.43,,468.89,0.000147,5.62,112961.2,4386.68,0.16,500 Year
Mississippi,NorthToSalt,285,Max WS,467120,409.11,467.88,,468.43,0.00016,6.06,92098.16,3086.68,0.17,500 Year
Mississippi,NorthToSalt,284.4,Max WS,466325.8,418.36,467.47,,467.92,0.000133,5.43,99233.67,3167.57,0.15,500 Year
Mississippi,NorthToSalt,284.2,Max WS,466325.5,419.97,467.44,,467.74,0.000098,4.4,117827.1,3874.81,0.13,500 Year
Mississippi,Salt_Cuivre,283.8,Max WS,479324.3,418.91,467.44,,467.78,0.000094,4.72,114703.3,3846.43,0.14,500 Year
Mississippi,Salt_Cuivre,283.75,Max WS,479220.5,415.36,467.29,,467.65,0.000107,4.94,113434.8,4171.13,0.15,500 Year
Mississippi,Salt_Cuivre,283.2,Max WS,476214.6,411.68,466.59,437.84,467.3,0.000169,6.92,82602.72,4043.54,0.19,500 Year
Mississippi,Salt_Cuivre,283.16,Max WS,476066.6,406.09,466.33,,467.13,0.000172,7.25,78387.7,3850.86,0.19,500 Year
Mississippi,Salt_Cuivre,283.14,Max WS,476124.9,407.9,466.38,,467.11,0.000153,6.9,83554.68,3794.04,0.18,500 Year
Mississippi,Salt_Cuivre,282.8,Max WS,476063.5,411.54,466.32,,466.92,0.000131,6.47,96208.87,3386.69,0.17,500 Year
Mississippi,Salt_Cuivre,282.69,Max WS,476066.6,416.22,466.36,,466.75,0.000109,5.1,102327.1,4078.59,0.15,500 Year
Mississippi,Salt_Cuivre,282.5,Max WS,475758.3,422.25,466.29,,466.59,0.000096,4.45,122949.2,12541.06,0.14,500 Year
Mississippi,Salt_Cuivre,282.13,Max WS,475548,416.69,466.02,,466.44,0.000118,5.26,92636.11,3807.51,0.16,500 Year
Mississippi,Salt_Cuivre,282.09,Max WS,475518.8,417.44,465.87,439.63,466.42,0.000139,5.97,79590.25,3770.32,0.17,500 Year
Mississippi,Salt_Cuivre,282.05,Max WS,475428.2,408.61,465.88,,466.39,0.000109,5.74,85449.59,3793.44,0.15,500 Year
Mississippi,Salt_Cuivre,282.03,Max WS,475545.2,387.92,466.05,,466.37,0.000059,4.57,108722.8,4271.32,0.12,500 Year
Mississippi,Salt_Cuivre,281.43,Max WS,474266.2,428.79,465.96,,466.16,0.000071,3.68,173721.8,8019.99,0.12,500 Year
Mississippi,Salt_Cuivre,280.78,Max WS,472089.3,424.9,465.72,,465.92,0.000081,3.92,143720.3,12612.57,0.13,500 Year
Mississippi,Salt_Cuivre,280.18,Max WS,470029.5,422.77,465.38,,465.65,0.000102,4.59,121008.5,4577.33,0.14,500 Year
Mississippi,Salt_Cuivre,279.63,Max WS,465920.3,429.31,465.11,,465.35,0.0001,4.51,131087.4,5630.15,0.14,500 Year
Mississippi,Salt_Cuivre,279.08,Max WS,464215.6,421.51,464.73,,465.03,0.000102,5.01,111999.4,3781.09,0.15,500 Year
Mississippi,Salt_Cuivre,278.67,Max WS,462429.9,416.82,464.44,,464.81,0.000111,5.35,102389,3637.95,0.15,500 Year
Mississippi,Salt_Cuivre,278.11,Max WS,459500.7,420.19,464.13,,464.48,0.000107,5.15,106609.2,4043.47,0.15,500 Year
Mississippi,Salt_Cuivre,277.57,Max WS,456909.5,428.67,463.99,,464.2,0.000072,3.72,132126.7,5409.19,0.12,500 Year
Mississippi,Salt_Cuivre,276.86,Max WS,444304.5,423.53,463.71,,463.89,0.00008,4.15,145369.8,6094.36,0.13,500 Year
Mississippi,Salt_Cuivre,276.27,Max WS,435436.1,417.22,463.52,,463.67,0.000076,4.08,163579.5,7392.61,0.12,500 Year
Mississippi,Salt_Cuivre,275.55,Max WS,428778.9,416.18,463.26,,463.41,0.000076,3.95,163433.9,7982.5,0.12,500 Year
Mississippi,Salt_Cuivre,275,Max WS,433750.8,415.53,462.99,,463.2,0.000082,4.08,146440.3,8093.24,0.13,500 Year
Mississippi,Salt_Cuivre,274.43,Max WS,439504.9,425.45,462.75,,462.95,0.000082,3.93,137671.3,10066.48,0.13,500 Year
Mississippi,Salt_Cuivre,273.84,Max WS,448204.9,417.91,462.42,,462.68,0.000082,4.6,118776.5,3905.03,0.13,500 Year
Mississippi,Salt_Cuivre,273.53,Max WS,454627,411.26,461.95,433.52,462.54,0.000147,6.61,100793.4,4846.65,0.18,500 Year
Mississippi,Salt_Cuivre,273.32,Max WS,454552.3,382.24,461.65,,461.87,0.000039,3.89,156046.7,5278.66,0.09,500 Year
Mississippi,Salt_Cuivre,272.98,Max WS,474663.8,409.76,461.48,,461.73,0.000096,4.42,155415.3,6892.18,0.12,500 Year
Mississippi,Salt_Cuivre,272.59,Max WS,479757.7,415.67,461.26,,461.54,0.000111,4.67,165916,7901.97,0.13,500 Year
Mississippi,Salt_Cuivre,272.22,Max WS,479408.6,411.86,461.06,,461.32,0.000101,4.59,171151.3,7664.02,0.13,500 Year
Mississippi,Salt_Cuivre,271.66,Max WS,478984.3,408.86,460.69,,461,0.000123,4.95,150252.3,6347.6,0.14,500 Year
Mississippi,Salt_Cuivre,270.98,Max WS,477283.6,414.3,460.33,,460.6,0.000108,4.56,155534.8,6339.1,0.13,500 Year
Mississippi,Salt_Cuivre,270.45,Max WS,472250.6,418,460.12,,460.33,0.000097,4.27,153604.5,6464.44,0.12,500 Year
Mississippi,Salt_Cuivre,269.91,Max WS,466484.8,418.1,459.83,,460.04,0.000106,4.27,155379.1,6666.19,0.13,500 Year
Mississippi,Salt_Cuivre,269.31,Max WS,460079.8,419.02,459.52,,459.69,0.000105,4.15,172308.2,8024.78,0.13,500 Year
Mississippi,Salt_Cuivre,268.76,Max WS,454370.1,415.19,459.23,,459.4,0.0001,4.11,186975.9,9088.17,0.12,500 Year
Mississippi,Salt_Cuivre,268.23,Max WS,460608.7,418.25,458.96,,459.12,0.000092,3.98,201675.7,9716.36,0.12,500 Year
Mississippi,Salt_Cuivre,267.62,Max WS,465598.1,416.38,458.65,,458.82,0.000097,4.19,186110.3,8750.59,0.12,500 Year
Mississippi,Salt_Cuivre,267.22,Max WS,475090.7,419.12,458.38,,458.54,0.0001,3.88,188303.5,8696.3,0.12,500 Year
Mississippi,Salt_Cuivre,266.55,Max WS,488032.6,411.15,458.13,,458.27,0.000081,4.12,209798,10458.74,0.13,500 Year
Mississippi,Salt_Cuivre,265.98,Max WS,495450.3,415.09,457.88,,458.04,0.000088,4.35,200033.3,9957.43,0.13,500 Year
Mississippi,Salt_Cuivre,265.59,Max WS,495446.1,414.88,457.69,,457.89,0.000077,4.16,201957.3,9657.7,0.13,500 Year
Mississippi,Salt_Cuivre,264.96,Max WS,495442.7,409.7,457.43,,457.62,0.000086,4.28,206540.8,10024.69,0.13,500 Year
Mississippi,Salt_Cuivre,264.4,Max WS,495438.9,414.4,457.17,,457.35,0.000077,4.37,215766.6,10992.01,0.13,500 Year
Mississippi,Salt_Cuivre,263.75,Max WS,495439.8,410.12,456.85,,457.06,0.000116,4.57,189897.3,9674.09,0.13,500 Year
Mississippi,Salt_Cuivre,263.14,Max WS,495437.9,416.12,456.58,,456.74,0.000072,3.78,188643.8,8751.45,0.12,500 Year
Mississippi,Salt_Cuivre,262.47,Max WS,495436.9,406.37,456.31,,456.5,0.000084,4.45,172900.7,8636.63,0.13,500 Year
Mississippi,Salt_Cuivre,261.98,Max WS,495435.5,407.75,455.97,,456.3,0.000113,5.4,152830.1,6789.85,0.15,500 Year
Mississippi,Salt_Cuivre,261.41,Max WS,495435.5,402,455.73,,456,0.000095,4.82,167278.2,7343.07,0.14,500 Year
Mississippi,Salt_Cuivre,260.68,Max WS,495434.4,402.94,455.43,,455.68,0.000093,4.86,159028.8,7692.48,0.14,500 Year
Mississippi,Salt_Cuivre,260.17,Max WS,495433.4,405.83,455.18,432.5,455.39,0.0001,4.6,177976.6,8696.64,0.14,500 Year
